2026-01-02 06:57:54,147 - Knowledge - INFO - Created shared MongoDB connection pool
2026-01-02 06:57:54,524 - Knowledge - INFO - Starting Knowledge Graph processing with 20 threads
2026-01-02 06:57:54,689 - Knowledge - INFO - Initial configuration: chunk_size=65536, max_cache_size=500
2026-01-02 06:57:54,865 - Knowledge - INFO - Knowledge Graph concurrency configuration: workers=20, max_batch_size=10, max_concurrent_llm_calls=50
2026-01-02 06:57:56,467 - Knowledge - INFO - 🔍 _load_persisted_knowledge called - checking for Redis optimization
2026-01-02 06:57:56,610 - Knowledge - WARNING - ❌ load_from_redis method not found - Redis support not attached
2026-01-02 06:57:56,825 - Knowledge - INFO - load persisted knowledge: begin
2026-01-02 06:57:57,072 - Knowledge - INFO - Loaded 0 files from persisted knowledge
2026-01-02 06:57:57,244 - Knowledge - INFO - load persisted knowledge: end
2026-01-02 06:57:57,406 - Knowledge - WARNING - No persisted knowledge found. Files will be queued during start()
2026-01-02 06:57:57,625 - Knowledge - INFO - Redis support added with prefix knowledge:b03394a:
2026-01-02 06:57:57,945 - Knowledge - INFO - Starting knowledge initialization for ID: qNqC1a-b03394a
2026-01-02 06:57:58,101 - Knowledge - INFO - 🔍 Checking Redis for build_id: b03394a
2026-01-02 06:57:58,301 - Knowledge - INFO - 🔍 Full session ID: qNqC1a-b03394a
2026-01-02 06:57:58,465 - Knowledge - INFO - 🔍 Redis prefix will be: knowledge:b03394a:
2026-01-02 06:57:58,617 - Knowledge - INFO - 🔍 Using attached load_from_redis() method
2026-01-02 06:57:58,797 - Knowledge - INFO - 🔍 Attempting to load knowledge from Redis...
2026-01-02 06:57:58,996 - Knowledge - INFO - 🔍 Using derived instance_id for Redis lookup: b03394a
2026-01-02 06:57:59,190 - Knowledge - WARNING - ❌ No Redis cache found
2026-01-02 06:57:59,367 - Knowledge - INFO - 📁 Loading knowledge from disk...
2026-01-02 06:57:59,615 - Knowledge - INFO - load persisted docinfo: begin
2026-01-02 06:57:59,810 - Knowledge - INFO - load persisted docinfo: end
2026-01-02 06:58:00,003 - Knowledge - INFO - 🔍 _load_persisted_knowledge called - checking for Redis optimization
2026-01-02 06:58:00,164 - Knowledge - INFO - ✅ load_from_redis method found - attempting Redis load
2026-01-02 06:58:00,379 - Knowledge - INFO - 🔍 Attempting to load knowledge from Redis...
2026-01-02 06:58:00,580 - Knowledge - INFO - 🔍 Using derived instance_id for Redis lookup: b03394a
2026-01-02 06:58:00,755 - Knowledge - WARNING - ❌ No Redis cache found
2026-01-02 06:58:00,964 - Knowledge - INFO - ❌ Redis load returned False - falling back to file loading
2026-01-02 06:58:01,167 - Knowledge - INFO - load persisted knowledge: begin
2026-01-02 06:58:01,392 - Knowledge - INFO - Loaded 0 files from persisted knowledge
2026-01-02 06:58:01,610 - Knowledge - INFO - load persisted knowledge: end
2026-01-02 06:58:01,776 - Knowledge - INFO - 📁 Disk load complete in 2.22s
2026-01-02 06:58:01,955 - Knowledge - INFO - Populating ingest queue with source files...
2026-01-02 06:58:02,216 - Knowledge - INFO - Added 50 files from /app/data/tataelxsimockapisolutions5451/7216/b03394a/Online-Examination-System-7216 to ingest queue
2026-01-02 06:58:02,381 - Knowledge - INFO - [WEBSOCKET] Sent: Type=progress_update, Size: 159, Duration: 0ms
2026-01-02 06:58:02,573 - Knowledge - INFO - Worker kw1 created using shared MongoDB connection pool
2026-01-02 06:58:02,739 - Knowledge - INFO - knowledge worker kw1 start
2026-01-02 06:58:02,740 - Knowledge - INFO - Worker kw2 created using shared MongoDB connection pool
2026-01-02 06:58:02,969 - Knowledge - INFO - [kw1] Queue=50, InProgress=0, PendingWorkers=0/1, Completed=0/50 (0.0%)
2026-01-02 06:58:03,091 - Knowledge - INFO - knowledge worker kw2 start
2026-01-02 06:58:03,092 - Knowledge - INFO - Worker kw3 created using shared MongoDB connection pool
2026-01-02 06:58:03,184 - Knowledge - INFO - Batch sizing: calculated=4, max_allowed=10, queue=50, active_workers=0/2
2026-01-02 06:58:03,301 - Knowledge - INFO - [kw2] Queue=50, InProgress=0, PendingWorkers=0/2, Completed=0/50 (0.0%)
2026-01-02 06:58:03,409 - Knowledge - INFO - knowledge worker kw3 start
2026-01-02 06:58:03,409 - Knowledge - INFO - Worker kw4 created using shared MongoDB connection pool
2026-01-02 06:58:03,489 - Knowledge - INFO - Worker kw1 processing /app/data/tataelxsimockapisolutions5451/7216/b03394a/Online-Examination-System-7216/OnlineExamSystem/DownloadPdf.aspx.cs
2026-01-02 06:58:03,557 - Knowledge - INFO - Batch sizing: calculated=4, max_allowed=10, queue=50, active_workers=1/3
2026-01-02 06:58:03,703 - Knowledge - INFO - [kw3] Queue=46, InProgress=0, PendingWorkers=1/3, Completed=0/50 (0.0%)
2026-01-02 06:58:03,848 - Knowledge - INFO - knowledge worker kw4 start
2026-01-02 06:58:03,849 - Knowledge - INFO - Worker kw5 created using shared MongoDB connection pool
2026-01-02 06:58:03,937 - Knowledge - INFO - Fast-tracked /app/data/tataelxsimockapisolutions5451/7216/b03394a/Online-Examination-System-7216/OnlineExamSystem/DownloadPdf.aspx.cs (ext=.cs, size=1655)
2026-01-02 06:58:04,016 - Knowledge - INFO - Worker kw2 processing /app/data/tataelxsimockapisolutions5451/7216/b03394a/Online-Examination-System-7216/OnlineExamSystem/TakenCourses.aspx.designer.cs
2026-01-02 06:58:04,121 - Knowledge - INFO - Batch sizing: calculated=4, max_allowed=10, queue=46, active_workers=2/4
2026-01-02 06:58:04,230 - Knowledge - INFO - [kw4] Queue=42, InProgress=0, PendingWorkers=2/4, Completed=0/50 (0.0%)
2026-01-02 06:58:04,370 - Knowledge - INFO - knowledge worker kw5 start
2026-01-02 06:58:04,370 - Knowledge - INFO - Worker kw6 created using shared MongoDB connection pool
2026-01-02 06:58:04,492 - Knowledge - INFO - Worker kw1 processing /app/data/tataelxsimockapisolutions5451/7216/b03394a/Online-Examination-System-7216/OnlineExamSystem/SignUpPage.aspx.designer.cs
2026-01-02 06:58:04,611 - Knowledge - INFO - Worker kw2 processing /app/data/tataelxsimockapisolutions5451/7216/b03394a/Online-Examination-System-7216/OnlineExamSystem/SetExam.aspx.designer.cs
2026-01-02 06:58:04,735 - Knowledge - INFO - Worker kw3 processing /app/data/tataelxsimockapisolutions5451/7216/b03394a/Online-Examination-System-7216/OnlineExamSystem/EditMCQ.aspx.designer.cs
2026-01-02 06:58:04,813 - Knowledge - INFO - Batch sizing: calculated=4, max_allowed=10, queue=42, active_workers=3/5
2026-01-02 06:58:04,907 - Knowledge - INFO - [kw5] Queue=38, InProgress=0, PendingWorkers=3/5, Completed=0/50 (0.0%)
2026-01-02 06:58:04,961 - Knowledge - INFO - knowledge worker kw6 start
2026-01-02 06:58:04,961 - Knowledge - INFO - Worker kw7 created using shared MongoDB connection pool
2026-01-02 06:58:05,055 - Knowledge - INFO - Worker kw1 processing /app/data/tataelxsimockapisolutions5451/7216/b03394a/Online-Examination-System-7216/OnlineExamSystem/ShowAns.aspx.designer.cs
2026-01-02 06:58:05,136 - Knowledge - INFO - Worker kw2 processing /app/data/tataelxsimockapisolutions5451/7216/b03394a/Online-Examination-System-7216/OnlineExamSystem/TheoryExam.aspx.cs
2026-01-02 06:58:05,246 - Knowledge - INFO - Worker kw3 processing /app/data/tataelxsimockapisolutions5451/7216/b03394a/Online-Examination-System-7216/OnlineExamSystem/TheorySet.aspx.designer.cs
2026-01-02 06:58:05,347 - Knowledge - INFO - Worker kw4 processing /app/data/tataelxsimockapisolutions5451/7216/b03394a/Online-Examination-System-7216/OnlineExamSystem/AdminQueue.aspx.cs
2026-01-02 06:58:05,444 - Knowledge - INFO - Batch sizing: calculated=4, max_allowed=10, queue=38, active_workers=4/6
2026-01-02 06:58:05,559 - Knowledge - INFO - [kw6] Queue=34, InProgress=0, PendingWorkers=4/6, Completed=0/50 (0.0%)
2026-01-02 06:58:05,633 - Knowledge - INFO - knowledge worker kw7 start
2026-01-02 06:58:05,633 - Knowledge - INFO - Worker kw8 created using shared MongoDB connection pool
2026-01-02 06:58:05,729 - Knowledge - INFO - Worker kw1 processing /app/data/tataelxsimockapisolutions5451/7216/b03394a/Online-Examination-System-7216/OnlineExamSystem/ExamResult.aspx.cs
2026-01-02 06:58:05,844 - Knowledge - INFO - Worker kw2 processing /app/data/tataelxsimockapisolutions5451/7216/b03394a/Online-Examination-System-7216/OnlineExamSystem/LoginPage.aspx.cs
2026-01-02 06:58:05,920 - Knowledge - INFO - Worker kw3 processing /app/data/tataelxsimockapisolutions5451/7216/b03394a/Online-Examination-System-7216/OnlineExamSystem/AdminLeaderboard.aspx.cs
2026-01-02 06:58:05,997 - Knowledge - INFO - Fast-tracked /app/data/tataelxsimockapisolutions5451/7216/b03394a/Online-Examination-System-7216/OnlineExamSystem/AdminQueue.aspx.cs (ext=.cs, size=1159)
2026-01-02 06:58:06,088 - Knowledge - INFO - Worker kw5 processing /app/data/tataelxsimockapisolutions5451/7216/b03394a/Online-Examination-System-7216/OnlineExamSystem/AdminPanel.aspx.designer.cs
2026-01-02 06:58:06,190 - Knowledge - INFO - Batch sizing: calculated=4, max_allowed=10, queue=34, active_workers=5/7
2026-01-02 06:58:06,293 - Knowledge - INFO - [kw7] Queue=30, InProgress=0, PendingWorkers=5/7, Completed=0/50 (0.0%)
2026-01-02 06:58:06,373 - Knowledge - INFO - knowledge worker kw8 start
2026-01-02 06:58:06,373 - Knowledge - INFO - Worker kw9 created using shared MongoDB connection pool
2026-01-02 06:58:06,607 - Knowledge - INFO - Worker kw3 processing /app/data/tataelxsimockapisolutions5451/7216/b03394a/Online-Examination-System-7216/OnlineExamSystem/AdminCourseQueue.aspx.designer.cs
2026-01-02 06:58:06,685 - Knowledge - INFO - Worker kw4 processing /app/data/tataelxsimockapisolutions5451/7216/b03394a/Online-Examination-System-7216/OnlineExamSystem/Leaderboard.aspx.designer.cs
2026-01-02 06:58:06,757 - Knowledge - INFO - Worker kw5 processing /app/data/tataelxsimockapisolutions5451/7216/b03394a/Online-Examination-System-7216/OnlineExamSystem/StartExam.aspx.designer.cs
2026-01-02 06:58:06,862 - Knowledge - INFO - Worker kw6 processing /app/data/tataelxsimockapisolutions5451/7216/b03394a/Online-Examination-System-7216/OnlineExamSystem/UserProfile.aspx.cs
2026-01-02 06:58:06,985 - Knowledge - INFO - Batch sizing: calculated=4, max_allowed=10, queue=30, active_workers=6/8
2026-01-02 06:58:07,065 - Knowledge - INFO - [kw8] Queue=26, InProgress=0, PendingWorkers=6/8, Completed=0/50 (0.0%)
2026-01-02 06:58:07,188 - Knowledge - INFO - knowledge worker kw9 start
2026-01-02 06:58:07,188 - Knowledge - INFO - Worker kw10 created using shared MongoDB connection pool
2026-01-02 06:58:07,334 - Knowledge - INFO - Worker kw4 processing /app/data/tataelxsimockapisolutions5451/7216/b03394a/Online-Examination-System-7216/OnlineExamSystem/MCQExam.aspx.cs
2026-01-02 06:58:07,413 - Knowledge - INFO - Worker kw5 processing /app/data/tataelxsimockapisolutions5451/7216/b03394a/Online-Examination-System-7216/OnlineExamSystem/Dashboard.aspx.cs
2026-01-02 06:58:07,526 - Knowledge - INFO - Worker kw6 processing /app/data/tataelxsimockapisolutions5451/7216/b03394a/Online-Examination-System-7216/OnlineExamSystem/EditTheory.aspx.designer.cs
2026-01-02 06:58:07,609 - Knowledge - INFO - Worker kw7 processing /app/data/tataelxsimockapisolutions5451/7216/b03394a/Online-Examination-System-7216/OnlineExamSystem/MCQExam.aspx.designer.cs
2026-01-02 06:58:07,692 - Knowledge - INFO - Batch sizing: calculated=4, max_allowed=10, queue=26, active_workers=7/9
2026-01-02 06:58:07,799 - Knowledge - INFO - [kw9] Queue=22, InProgress=0, PendingWorkers=7/9, Completed=0/50 (0.0%)
2026-01-02 06:58:07,883 - Knowledge - INFO - knowledge worker kw10 start
2026-01-02 06:58:07,884 - Knowledge - INFO - Worker kw11 created using shared MongoDB connection pool
2026-01-02 06:58:07,982 - Knowledge - INFO - Worker kw4 processing /app/data/tataelxsimockapisolutions5451/7216/b03394a/Online-Examination-System-7216/OnlineExamSystem/MCQSet.aspx.designer.cs
2026-01-02 06:58:08,058 - Knowledge - INFO - Fast-tracked /app/data/tataelxsimockapisolutions5451/7216/b03394a/Online-Examination-System-7216/OnlineExamSystem/Dashboard.aspx.cs (ext=.cs, size=1014)
2026-01-02 06:58:08,133 - Knowledge - INFO - Worker kw6 processing /app/data/tataelxsimockapisolutions5451/7216/b03394a/Online-Examination-System-7216/OnlineExamSystem/ShowAns.aspx.cs
2026-01-02 06:58:08,257 - Knowledge - INFO - Worker kw7 processing /app/data/tataelxsimockapisolutions5451/7216/b03394a/Online-Examination-System-7216/OnlineExamSystem/CSS/bootstrap.css
2026-01-02 06:58:08,331 - Knowledge - INFO - Worker kw8 processing /app/data/tataelxsimockapisolutions5451/7216/b03394a/Online-Examination-System-7216/OnlineExamSystem/Dashboard.aspx.designer.cs
2026-01-02 06:58:08,424 - Knowledge - INFO - Batch sizing: calculated=4, max_allowed=10, queue=22, active_workers=8/10
2026-01-02 06:58:08,547 - Knowledge - INFO - [kw10] Queue=18, InProgress=0, PendingWorkers=8/10, Completed=0/50 (0.0%)
2026-01-02 06:58:08,620 - Knowledge - INFO - knowledge worker kw11 start
2026-01-02 06:58:08,620 - Knowledge - INFO - Worker kw12 created using shared MongoDB connection pool
2026-01-02 06:58:08,797 - Knowledge - INFO - Worker kw5 processing /app/data/tataelxsimockapisolutions5451/7216/b03394a/Online-Examination-System-7216/OnlineExamSystem/EditExam.aspx.designer.cs
2026-01-02 06:58:08,881 - Knowledge - INFO - Worker kw6 processing /app/data/tataelxsimockapisolutions5451/7216/b03394a/Online-Examination-System-7216/OnlineExamSystem/SignUpPage.aspx.cs
2026-01-02 06:58:09,002 - Knowledge - INFO - Fast-tracked /app/data/tataelxsimockapisolutions5451/7216/b03394a/Online-Examination-System-7216/OnlineExamSystem/CSS/bootstrap.css (ext=.css, size=260877)
2026-01-02 06:58:09,099 - Knowledge - INFO - Worker kw8 processing /app/data/tataelxsimockapisolutions5451/7216/b03394a/Online-Examination-System-7216/OnlineExamSystem/SetExam.aspx.cs
2026-01-02 06:58:09,173 - Knowledge - INFO - Worker kw9 processing /app/data/tataelxsimockapisolutions5451/7216/b03394a/Online-Examination-System-7216/OnlineExamSystem/UserProfile.aspx.designer.cs
2026-01-02 06:58:09,275 - Knowledge - INFO - Batch sizing: calculated=4, max_allowed=10, queue=18, active_workers=9/11
2026-01-02 06:58:09,353 - Knowledge - INFO - [kw11] Queue=14, InProgress=0, PendingWorkers=9/11, Completed=0/50 (0.0%)
2026-01-02 06:58:09,446 - Knowledge - INFO - knowledge worker kw12 start
2026-01-02 06:58:09,448 - Knowledge - INFO - Worker kw13 created using shared MongoDB connection pool
2026-01-02 06:58:09,638 - Knowledge - INFO - Fast-tracked /app/data/tataelxsimockapisolutions5451/7216/b03394a/Online-Examination-System-7216/OnlineExamSystem/UserProfile.aspx.cs (small file (2748 bytes))
2026-01-02 06:58:09,721 - Knowledge - INFO - Worker kw7 processing /app/data/tataelxsimockapisolutions5451/7216/b03394a/Online-Examination-System-7216/OnlineExamSystem/EditMCQ.aspx.cs
2026-01-02 06:58:09,800 - Knowledge - INFO - Fast-tracked /app/data/tataelxsimockapisolutions5451/7216/b03394a/Online-Examination-System-7216/OnlineExamSystem/SetExam.aspx.cs (ext=.cs, size=1303)
2026-01-02 06:58:09,906 - Knowledge - INFO - Worker kw9 processing /app/data/tataelxsimockapisolutions5451/7216/b03394a/Online-Examination-System-7216/OnlineExamSystem/Properties/AssemblyInfo.cs
2026-01-02 06:58:10,011 - Knowledge - INFO - Worker kw10 processing /app/data/tataelxsimockapisolutions5451/7216/b03394a/Online-Examination-System-7216/OnlineExamSystem/LoginPage.aspx.designer.cs
2026-01-02 06:58:10,135 - Knowledge - INFO - Batch sizing: calculated=4, max_allowed=10, queue=14, active_workers=10/12
2026-01-02 06:58:10,240 - Knowledge - INFO - [kw12] Queue=10, InProgress=0, PendingWorkers=10/12, Completed=0/50 (0.0%)
2026-01-02 06:58:10,354 - Knowledge - INFO - knowledge worker kw13 start
2026-01-02 06:58:10,355 - Knowledge - INFO - Worker kw14 created using shared MongoDB connection pool
2026-01-02 06:58:10,537 - Knowledge - INFO - Worker kw7 processing /app/data/tataelxsimockapisolutions5451/7216/b03394a/Online-Examination-System-7216/OnlineExamSystem/TheorySet.aspx.cs
2026-01-02 06:58:10,645 - Knowledge - INFO - Worker kw8 processing /app/data/tataelxsimockapisolutions5451/7216/b03394a/Online-Examination-System-7216/OnlineExamSystem/TakenCourses.aspx.cs
2026-01-02 06:58:10,739 - Knowledge - INFO - Fast-tracked /app/data/tataelxsimockapisolutions5451/7216/b03394a/Online-Examination-System-7216/OnlineExamSystem/Properties/AssemblyInfo.cs (ext=.cs, size=1403)
2026-01-02 06:58:10,862 - Knowledge - INFO - Worker kw10 processing /app/data/tataelxsimockapisolutions5451/7216/b03394a/Online-Examination-System-7216/OnlineExamSystem/MCQSet.aspx.cs
2026-01-02 06:58:10,961 - Knowledge - INFO - Worker kw11 processing /app/data/tataelxsimockapisolutions5451/7216/b03394a/Online-Examination-System-7216/OnlineExamSystem/ExamResult.aspx.designer.cs
2026-01-02 06:58:11,068 - Knowledge - INFO - Batch sizing: calculated=4, max_allowed=10, queue=10, active_workers=11/13
2026-01-02 06:58:11,168 - Knowledge - INFO - [kw13] Queue=6, InProgress=0, PendingWorkers=11/13, Completed=0/50 (0.0%)
2026-01-02 06:58:11,296 - Knowledge - INFO - knowledge worker kw14 start
2026-01-02 06:58:11,299 - Knowledge - INFO - Worker kw15 created using shared MongoDB connection pool
2026-01-02 06:58:11,459 - Knowledge - INFO - Fast-tracked /app/data/tataelxsimockapisolutions5451/7216/b03394a/Online-Examination-System-7216/OnlineExamSystem/TakenCourses.aspx.cs (ext=.cs, size=926)
2026-01-02 06:58:11,580 - Knowledge - INFO - Worker kw9 processing /app/data/tataelxsimockapisolutions5451/7216/b03394a/Online-Examination-System-7216/OnlineExamSystem/TheoryExam.aspx.designer.cs
2026-01-02 06:58:11,685 - Knowledge - INFO - Worker kw10 processing /app/data/tataelxsimockapisolutions5451/7216/b03394a/Online-Examination-System-7216/OnlineExamSystem/AdminLeaderboard.aspx.designer.cs
2026-01-02 06:58:11,765 - Knowledge - INFO - Worker kw11 processing /app/data/tataelxsimockapisolutions5451/7216/b03394a/Online-Examination-System-7216/OnlineExamSystem/StartExam.aspx.cs
2026-01-02 06:58:11,885 - Knowledge - INFO - Worker kw12 processing /app/data/tataelxsimockapisolutions5451/7216/b03394a/Online-Examination-System-7216/OnlineExamSystem/EditExam.aspx.cs
2026-01-02 06:58:11,968 - Knowledge - INFO - Batch sizing: calculated=4, max_allowed=10, queue=6, active_workers=12/14
2026-01-02 06:58:12,089 - Knowledge - INFO - [kw14] Queue=2, InProgress=0, PendingWorkers=12/14, Completed=0/50 (0.0%)
2026-01-02 06:58:12,164 - Knowledge - INFO - knowledge worker kw15 start
2026-01-02 06:58:12,165 - Knowledge - INFO - Worker kw16 created using shared MongoDB connection pool
2026-01-02 06:58:12,281 - Knowledge - INFO - Worker kw8 processing /app/data/tataelxsimockapisolutions5451/7216/b03394a/Online-Examination-System-7216/OnlineExamSystem/AdminCourseQueue.aspx.cs
2026-01-02 06:58:12,357 - Knowledge - INFO - Worker kw9 processing /app/data/tataelxsimockapisolutions5451/7216/b03394a/Online-Examination-System-7216/OnlineExamSystem/Leaderboard.aspx.cs
2026-01-02 06:58:12,472 - Knowledge - INFO - Worker kw10 processing /app/data/tataelxsimockapisolutions5451/7216/b03394a/Online-Examination-System-7216/OnlineExamSystem/AdminQueue.aspx.designer.cs
2026-01-02 06:58:12,586 - Knowledge - INFO - Worker kw11 processing /app/data/tataelxsimockapisolutions5451/7216/b03394a/Online-Examination-System-7216/OnlineExamSystem/AdminPanel.aspx.cs
2026-01-02 06:58:12,663 - Knowledge - INFO - Fast-tracked /app/data/tataelxsimockapisolutions5451/7216/b03394a/Online-Examination-System-7216/OnlineExamSystem/EditExam.aspx.cs (ext=.cs, size=1213)
2026-01-02 06:58:12,780 - Knowledge - INFO - Worker kw13 processing /app/data/tataelxsimockapisolutions5451/7216/b03394a/Online-Examination-System-7216/database-script/README.md
2026-01-02 06:58:12,883 - Knowledge - INFO - Batch sizing: calculated=2, max_allowed=10, queue=2, active_workers=13/15
2026-01-02 06:58:12,969 - Knowledge - INFO - [WEBSOCKET] Sent: Type=progress_update, Size: 159, Duration: 0ms
2026-01-02 06:58:13,041 - Knowledge - INFO - knowledge worker kw16 start
2026-01-02 06:58:13,041 - Knowledge - INFO - Worker kw17 created using shared MongoDB connection pool
2026-01-02 06:58:13,134 - Knowledge - INFO - Fast-tracked /app/data/tataelxsimockapisolutions5451/7216/b03394a/Online-Examination-System-7216/OnlineExamSystem/Dashboard.aspx.designer.cs (small file (2951 bytes))
2026-01-02 06:58:13,254 - Knowledge - INFO - Fast-tracked /app/data/tataelxsimockapisolutions5451/7216/b03394a/Online-Examination-System-7216/OnlineExamSystem/Leaderboard.aspx.cs (ext=.cs, size=1907)
2026-01-02 06:58:13,453 - Knowledge - INFO - Fast-tracked /app/data/tataelxsimockapisolutions5451/7216/b03394a/Online-Examination-System-7216/OnlineExamSystem/AdminPanel.aspx.cs (ext=.cs, size=1165)
2026-01-02 06:58:13,525 - Knowledge - INFO - Worker kw12 processing /app/data/tataelxsimockapisolutions5451/7216/b03394a/Online-Examination-System-7216/OnlineExamSystem/EditTheory.aspx.cs
2026-01-02 06:58:13,615 - Knowledge - INFO - Fast-tracked /app/data/tataelxsimockapisolutions5451/7216/b03394a/Online-Examination-System-7216/database-script/README.md (ext=.md, size=45)
2026-01-02 06:58:13,852 - Knowledge - INFO - [WEBSOCKET] Sent: Type=unknown, Size: ?, Duration: 884ms
2026-01-02 06:58:14,055 - Knowledge - INFO - knowledge worker kw17 start
2026-01-02 06:58:14,056 - Knowledge - INFO - Worker kw18 created using shared MongoDB connection pool
2026-01-02 06:58:14,135 - Knowledge - INFO - Fast-tracked /app/data/tataelxsimockapisolutions5451/7216/b03394a/Online-Examination-System-7216/OnlineExamSystem/AdminCourseQueue.aspx.cs (small file (2960 bytes))
2026-01-02 06:58:14,330 - Knowledge - INFO - Worker kw11 processing /app/data/tataelxsimockapisolutions5451/7216/b03394a/Online-Examination-System-7216/OnlineExamSystem/DownloadPdf.aspx.designer.cs
2026-01-02 06:58:14,405 - Knowledge - INFO - Worker kw12 processing /app/data/tataelxsimockapisolutions5451/7216/b03394a/Online-Examination-System-7216/README.md
2026-01-02 06:58:14,534 - Knowledge - INFO - Worker kw13 processing /app/data/tataelxsimockapisolutions5451/7216/b03394a/Online-Examination-System-7216/packages/Microsoft.CodeDom.Providers.DotNetCompilerPlatform.1.0.0/lib/net45/Microsoft.CodeDom.Providers.DotNetCompilerPlatform.xml
2026-01-02 06:58:14,620 - Knowledge - INFO - Progress: 0.0% | Files: 0/50 | Rate: 0.00 files/sec | Queue: 0
2026-01-02 06:58:14,811 - Knowledge - INFO - knowledge worker kw18 start
2026-01-02 06:58:14,811 - Knowledge - INFO - Worker kw19 created using shared MongoDB connection pool
2026-01-02 06:58:14,898 - Knowledge - INFO - Processing batch of 4 files
2026-01-02 06:58:15,049 - Knowledge - INFO - Fast-tracked /app/data/tataelxsimockapisolutions5451/7216/b03394a/Online-Examination-System-7216/README.md (ext=.md, size=1830)
2026-01-02 06:58:15,171 - Knowledge - INFO - Fast-tracked /app/data/tataelxsimockapisolutions5451/7216/b03394a/Online-Examination-System-7216/packages/Microsoft.CodeDom.Providers.DotNetCompilerPlatform.1.0.0/lib/net45/Microsoft.CodeDom.Providers.DotNetCompilerPlatform.xml (ext=.xml, size=1805)
2026-01-02 06:58:15,456 - Knowledge - INFO - knowledge worker kw19 start
2026-01-02 06:58:15,456 - Knowledge - INFO - Worker kw20 created using shared MongoDB connection pool
2026-01-02 06:58:15,574 - Knowledge - INFO - process ingested knowledge for /app/data/tataelxsimockapisolutions5451/7216/b03394a/Online-Examination-System-7216/OnlineExamSystem/Dashboard.aspx.designer.cs
2026-01-02 06:58:15,654 - Knowledge - INFO - Worker kw12 processing /app/data/tataelxsimockapisolutions5451/7216/b03394a/Online-Examination-System-7216/database-script/Online-Examination-System-Databse-Script.sql
2026-01-02 06:58:15,715 - Knowledge - INFO - Fast-tracked /app/data/tataelxsimockapisolutions5451/7216/b03394a/Online-Examination-System-7216/OnlineExamSystem/AdminLeaderboard.aspx.cs (small file (2319 bytes))
2026-01-02 06:58:15,759 - Knowledge - INFO - Processing batch of 2 files
2026-01-02 06:58:15,909 - Knowledge - INFO - knowledge worker kw20 start
2026-01-02 06:58:15,991 - Knowledge - INFO - process ingested knowledge for /app/data/tataelxsimockapisolutions5451/7216/b03394a/Online-Examination-System-7216/OnlineExamSystem/SetExam.aspx.cs
2026-01-02 06:58:16,313 - Knowledge - INFO - process ingested knowledge for /app/data/tataelxsimockapisolutions5451/7216/b03394a/Online-Examination-System-7216/database-script/README.md
2026-01-02 06:58:16,430 - Knowledge - INFO - [WEBSOCKET] Sent: Type=progress_update, Size: 286, Duration: 0ms
2026-01-02 06:58:16,520 - Knowledge - INFO - process ingested knowledge for /app/data/tataelxsimockapisolutions5451/7216/b03394a/Online-Examination-System-7216/OnlineExamSystem/TakenCourses.aspx.cs
2026-01-02 06:58:16,621 - Knowledge - INFO - process ingested knowledge for /app/data/tataelxsimockapisolutions5451/7216/b03394a/Online-Examination-System-7216/packages/Microsoft.CodeDom.Providers.DotNetCompilerPlatform.1.0.0/lib/net45/Microsoft.CodeDom.Providers.DotNetCompilerPlatform.xml
2026-01-02 06:58:16,704 - Knowledge - INFO - [WEBSOCKET] Sent: Type=unknown, Size: ?, Duration: 273ms
2026-01-02 06:58:16,786 - Knowledge - INFO - process ingested knowledge for /app/data/tataelxsimockapisolutions5451/7216/b03394a/Online-Examination-System-7216/OnlineExamSystem/AdminCourseQueue.aspx.cs
2026-01-02 06:58:16,965 - Knowledge - INFO - Progress: 12.0% | Files: 6/50 | Rate: 0.27 files/sec | Queue: 0
2026-01-02 06:58:20,777 - Knowledge - INFO - Fast-tracked /app/data/tataelxsimockapisolutions5451/7216/b03394a/Online-Examination-System-7216/OnlineExamSystem/LoginPage.aspx.cs (small file (2323 bytes))
2026-01-02 06:58:25,286 - Knowledge - INFO - [LLM_CALL] Completed: TakenCourses.aspx.designer.cs:chunk1, Duration: 18753ms, PromptTokens: 2852, CompletionTokens: 309, Cost: $0.00041
2026-01-02 06:58:25,541 - Knowledge - INFO - done ingest for /app/data/tataelxsimockapisolutions5451/7216/b03394a/Online-Examination-System-7216/OnlineExamSystem/TakenCourses.aspx.designer.cs
2026-01-02 06:58:25,831 - Knowledge - INFO - [LLM_CALL] Completed: SignUpPage.aspx.designer.cs:chunk1, Duration: 19379ms, PromptTokens: 4528, CompletionTokens: 388, Cost: $0.00061
2026-01-02 06:58:25,983 - Knowledge - INFO - done ingest for /app/data/tataelxsimockapisolutions5451/7216/b03394a/Online-Examination-System-7216/OnlineExamSystem/SignUpPage.aspx.designer.cs
2026-01-02 06:58:26,584 - Knowledge - INFO - Fast-tracked /app/data/tataelxsimockapisolutions5451/7216/b03394a/Online-Examination-System-7216/database-script/Online-Examination-System-Databse-Script.sql (small file (0 bytes))
2026-01-02 06:58:27,273 - Knowledge - INFO - Fast-tracked /app/data/tataelxsimockapisolutions5451/7216/b03394a/Online-Examination-System-7216/OnlineExamSystem/SignUpPage.aspx.cs (small file (2642 bytes))
2026-01-02 06:58:27,582 - Knowledge - INFO - [LLM_CALL] Completed: ExamResult.aspx.cs:chunk1, Duration: 15066ms, PromptTokens: 2532, CompletionTokens: 557, Cost: $0.00048
2026-01-02 06:58:27,741 - Knowledge - INFO - done ingest for /app/data/tataelxsimockapisolutions5451/7216/b03394a/Online-Examination-System-7216/OnlineExamSystem/ExamResult.aspx.cs
2026-01-02 06:58:29,060 - Knowledge - INFO - [LLM_CALL] Completed: ShowAns.aspx.designer.cs:chunk1, Duration: 20554ms, PromptTokens: 9956, CompletionTokens: 647, Cost: $0.00125
2026-01-02 06:58:29,306 - Knowledge - INFO - done ingest for /app/data/tataelxsimockapisolutions5451/7216/b03394a/Online-Examination-System-7216/OnlineExamSystem/ShowAns.aspx.designer.cs
2026-01-02 06:58:30,056 - Knowledge - INFO - Processing batch of 4 files
2026-01-02 06:58:30,271 - Knowledge - INFO - process ingested knowledge for /app/data/tataelxsimockapisolutions5451/7216/b03394a/Online-Examination-System-7216/OnlineExamSystem/DownloadPdf.aspx.cs
2026-01-02 06:58:30,558 - Knowledge - INFO - [LLM_CALL] Completed: TheoryExam.aspx.cs:chunk1, Duration: 17620ms, PromptTokens: 6522, CompletionTokens: 598, Cost: $0.00089
2026-01-02 06:58:30,771 - Knowledge - INFO - done ingest for /app/data/tataelxsimockapisolutions5451/7216/b03394a/Online-Examination-System-7216/OnlineExamSystem/TheoryExam.aspx.cs
2026-01-02 06:58:30,968 - Knowledge - INFO - process ingested knowledge for /app/data/tataelxsimockapisolutions5451/7216/b03394a/Online-Examination-System-7216/OnlineExamSystem/SignUpPage.aspx.designer.cs
2026-01-02 06:58:31,282 - Knowledge - INFO - process ingested knowledge for /app/data/tataelxsimockapisolutions5451/7216/b03394a/Online-Examination-System-7216/OnlineExamSystem/ShowAns.aspx.designer.cs
2026-01-02 06:58:31,533 - Knowledge - INFO - [LLM_CALL] Completed: SetExam.aspx.designer.cs:chunk1, Duration: 22950ms, PromptTokens: 2322, CompletionTokens: 261, Cost: $0.00034
2026-01-02 06:58:31,756 - Knowledge - INFO - process ingested knowledge for /app/data/tataelxsimockapisolutions5451/7216/b03394a/Online-Examination-System-7216/OnlineExamSystem/ExamResult.aspx.cs
2026-01-02 06:58:31,811 - Knowledge - INFO - done ingest for /app/data/tataelxsimockapisolutions5451/7216/b03394a/Online-Examination-System-7216/OnlineExamSystem/SetExam.aspx.designer.cs
2026-01-02 06:58:32,210 - Knowledge - INFO - [LLM_CALL] Completed: EditTheory.aspx.cs:chunk1, Duration: 16092ms, PromptTokens: 6822, CompletionTokens: 598, Cost: $0.00092
2026-01-02 06:58:32,456 - Knowledge - INFO - done ingest for /app/data/tataelxsimockapisolutions5451/7216/b03394a/Online-Examination-System-7216/OnlineExamSystem/EditTheory.aspx.cs
2026-01-02 06:58:32,521 - Knowledge - INFO - [LLM_CALL] Completed: EditTheory.aspx.designer.cs:chunk1, Duration: 22084ms, PromptTokens: 2736, CompletionTokens: 317, Cost: $0.00040
2026-01-02 06:58:32,759 - Knowledge - INFO - done ingest for /app/data/tataelxsimockapisolutions5451/7216/b03394a/Online-Examination-System-7216/OnlineExamSystem/EditTheory.aspx.designer.cs
2026-01-02 06:58:32,759 - Knowledge - INFO - Processing batch of 4 files
2026-01-02 06:58:32,760 - Knowledge - INFO - Processing batch of 4 files
2026-01-02 06:58:33,110 - Knowledge - INFO - process ingested knowledge for /app/data/tataelxsimockapisolutions5451/7216/b03394a/Online-Examination-System-7216/OnlineExamSystem/TakenCourses.aspx.designer.cs
2026-01-02 06:58:33,224 - Knowledge - INFO - process ingested knowledge for /app/data/tataelxsimockapisolutions5451/7216/b03394a/Online-Examination-System-7216/OnlineExamSystem/EditExam.aspx.cs
2026-01-02 06:58:33,433 - Knowledge - INFO - process ingested knowledge for /app/data/tataelxsimockapisolutions5451/7216/b03394a/Online-Examination-System-7216/OnlineExamSystem/SetExam.aspx.designer.cs
2026-01-02 06:58:33,531 - Knowledge - INFO - [WEBSOCKET] Sent: Type=progress_update, Size: 288, Duration: 0ms
2026-01-02 06:58:33,607 - Knowledge - INFO - process ingested knowledge for /app/data/tataelxsimockapisolutions5451/7216/b03394a/Online-Examination-System-7216/OnlineExamSystem/EditTheory.aspx.cs
2026-01-02 06:58:33,969 - Knowledge - INFO - process ingested knowledge for /app/data/tataelxsimockapisolutions5451/7216/b03394a/Online-Examination-System-7216/OnlineExamSystem/TheoryExam.aspx.cs
2026-01-02 06:58:34,076 - Knowledge - INFO - [WEBSOCKET] Sent: Type=unknown, Size: ?, Duration: 544ms
2026-01-02 06:58:34,275 - Knowledge - INFO - process ingested knowledge for /app/data/tataelxsimockapisolutions5451/7216/b03394a/Online-Examination-System-7216/README.md
2026-01-02 06:58:34,414 - Knowledge - INFO - process ingested knowledge for /app/data/tataelxsimockapisolutions5451/7216/b03394a/Online-Examination-System-7216/OnlineExamSystem/LoginPage.aspx.cs
2026-01-02 06:58:34,542 - Knowledge - INFO - Progress: 36.0% | Files: 18/50 | Rate: 0.46 files/sec | Queue: 0
2026-01-02 06:58:34,810 - Knowledge - INFO - process ingested knowledge for /app/data/tataelxsimockapisolutions5451/7216/b03394a/Online-Examination-System-7216/database-script/Online-Examination-System-Databse-Script.sql
2026-01-02 06:58:37,061 - Knowledge - INFO - [LLM_CALL] Completed: EditMCQ.aspx.designer.cs:chunk1, Duration: 29797ms, PromptTokens: 2740, CompletionTokens: 327, Cost: $0.00040
2026-01-02 06:58:37,351 - Knowledge - INFO - done ingest for /app/data/tataelxsimockapisolutions5451/7216/b03394a/Online-Examination-System-7216/OnlineExamSystem/EditMCQ.aspx.designer.cs
2026-01-02 06:58:38,085 - Knowledge - INFO - [LLM_CALL] Completed: ShowAns.aspx.cs:chunk1, Duration: 19541ms, PromptTokens: 5282, CompletionTokens: 490, Cost: $0.00072
2026-01-02 06:58:38,423 - Knowledge - INFO - done ingest for /app/data/tataelxsimockapisolutions5451/7216/b03394a/Online-Examination-System-7216/OnlineExamSystem/ShowAns.aspx.cs
2026-01-02 06:58:38,776 - Knowledge - INFO - [LLM_CALL] Completed: AdminCourseQueue.aspx.designer.cs:chunk1, Duration: 22541ms, PromptTokens: 2334, CompletionTokens: 319, Cost: $0.00036
2026-01-02 06:58:39,024 - Knowledge - INFO - done ingest for /app/data/tataelxsimockapisolutions5451/7216/b03394a/Online-Examination-System-7216/OnlineExamSystem/AdminCourseQueue.aspx.designer.cs
2026-01-02 06:58:39,041 - Knowledge - INFO - [LLM_CALL] Completed: Leaderboard.aspx.designer.cs:chunk1, Duration: 30319ms, PromptTokens: 2332, CompletionTokens: 273, Cost: $0.00034
2026-01-02 06:58:39,385 - Knowledge - INFO - done ingest for /app/data/tataelxsimockapisolutions5451/7216/b03394a/Online-Examination-System-7216/OnlineExamSystem/Leaderboard.aspx.designer.cs
2026-01-02 06:58:39,395 - Knowledge - INFO - [LLM_CALL] Completed: EditExam.aspx.designer.cs:chunk1, Duration: 15340ms, PromptTokens: 2326, CompletionTokens: 284, Cost: $0.00035
2026-01-02 06:58:39,810 - Knowledge - INFO - done ingest for /app/data/tataelxsimockapisolutions5451/7216/b03394a/Online-Examination-System-7216/OnlineExamSystem/EditExam.aspx.designer.cs
2026-01-02 06:58:39,828 - Knowledge - INFO - Processing batch of 4 files
2026-01-02 06:58:39,843 - Knowledge - INFO - [WEBSOCKET] Sent: Type=progress_update, Size: 289, Duration: 26ms
2026-01-02 06:58:40,315 - Knowledge - INFO - process ingested knowledge for /app/data/tataelxsimockapisolutions5451/7216/b03394a/Online-Examination-System-7216/OnlineExamSystem/UserProfile.aspx.cs
2026-01-02 06:58:40,627 - Knowledge - INFO - [WEBSOCKET] Sent: Type=unknown, Size: ?, Duration: 810ms
2026-01-02 06:58:40,961 - Knowledge - INFO - Progress: 38.0% | Files: 22/50 | Rate: 0.49 files/sec | Queue: 0
2026-01-02 06:58:42,064 - Knowledge - INFO - process ingested knowledge for /app/data/tataelxsimockapisolutions5451/7216/b03394a/Online-Examination-System-7216/OnlineExamSystem/EditTheory.aspx.designer.cs
2026-01-02 06:58:42,195 - Knowledge - INFO - [LLM_CALL] Completed: UserProfile.aspx.designer.cs:chunk1, Duration: 27571ms, PromptTokens: 4074, CompletionTokens: 343, Cost: $0.00054
2026-01-02 06:58:42,598 - Knowledge - INFO - done ingest for /app/data/tataelxsimockapisolutions5451/7216/b03394a/Online-Examination-System-7216/OnlineExamSystem/UserProfile.aspx.designer.cs
2026-01-02 06:58:42,601 - Knowledge - INFO - process ingested knowledge for /app/data/tataelxsimockapisolutions5451/7216/b03394a/Online-Examination-System-7216/OnlineExamSystem/ShowAns.aspx.cs
2026-01-02 06:58:42,602 - Knowledge - INFO - [LLM_CALL] Completed: StartExam.aspx.designer.cs:chunk1, Duration: 27980ms, PromptTokens: 3504, CompletionTokens: 383, Cost: $0.00050
2026-01-02 06:58:43,067 - Knowledge - INFO - done ingest for /app/data/tataelxsimockapisolutions5451/7216/b03394a/Online-Examination-System-7216/OnlineExamSystem/StartExam.aspx.designer.cs
2026-01-02 06:58:43,076 - Knowledge - INFO - [LLM_CALL] Completed: TheorySet.aspx.designer.cs:chunk1, Duration: 33102ms, PromptTokens: 4396, CompletionTokens: 381, Cost: $0.00059
2026-01-02 06:58:43,077 - Knowledge - INFO - process ingested knowledge for /app/data/tataelxsimockapisolutions5451/7216/b03394a/Online-Examination-System-7216/OnlineExamSystem/SignUpPage.aspx.cs
2026-01-02 06:58:43,386 - Knowledge - INFO - done ingest for /app/data/tataelxsimockapisolutions5451/7216/b03394a/Online-Examination-System-7216/OnlineExamSystem/TheorySet.aspx.designer.cs
2026-01-02 06:58:43,735 - Knowledge - INFO - [LLM_CALL] Completed: TheoryExam.aspx.designer.cs:chunk1, Duration: 19215ms, PromptTokens: 7832, CompletionTokens: 512, Cost: $0.00099
2026-01-02 06:58:44,180 - Knowledge - INFO - done ingest for /app/data/tataelxsimockapisolutions5451/7216/b03394a/Online-Examination-System-7216/OnlineExamSystem/TheoryExam.aspx.designer.cs
2026-01-02 06:58:44,637 - Knowledge - INFO - [LLM_CALL] Completed: AdminPanel.aspx.designer.cs:chunk1, Duration: 35087ms, PromptTokens: 2322, CompletionTokens: 287, Cost: $0.00035
2026-01-02 06:58:44,951 - Knowledge - INFO - done ingest for /app/data/tataelxsimockapisolutions5451/7216/b03394a/Online-Examination-System-7216/OnlineExamSystem/AdminPanel.aspx.designer.cs
2026-01-02 06:58:44,958 - Knowledge - INFO - Processing batch of 4 files
2026-01-02 06:58:44,985 - Knowledge - INFO - Processing batch of 4 files
2026-01-02 06:58:45,502 - Knowledge - INFO - process ingested knowledge for /app/data/tataelxsimockapisolutions5451/7216/b03394a/Online-Examination-System-7216/OnlineExamSystem/EditMCQ.aspx.designer.cs
2026-01-02 06:58:45,527 - Knowledge - INFO - [LLM_CALL] Completed: MCQSet.aspx.designer.cs:chunk1, Duration: 20460ms, PromptTokens: 5184, CompletionTokens: 423, Cost: $0.00069
2026-01-02 06:58:45,684 - Knowledge - INFO - process ingested knowledge for /app/data/tataelxsimockapisolutions5451/7216/b03394a/Online-Examination-System-7216/OnlineExamSystem/UserProfile.aspx.designer.cs
2026-01-02 06:58:46,030 - Knowledge - INFO - done ingest for /app/data/tataelxsimockapisolutions5451/7216/b03394a/Online-Examination-System-7216/OnlineExamSystem/MCQSet.aspx.designer.cs
2026-01-02 06:58:46,456 - Knowledge - INFO - [LLM_CALL] Completed: EditMCQ.aspx.cs:chunk1, Duration: 28748ms, PromptTokens: 6828, CompletionTokens: 563, Cost: $0.00091
2026-01-02 06:58:46,523 - Knowledge - INFO - process ingested knowledge for /app/data/tataelxsimockapisolutions5451/7216/b03394a/Online-Examination-System-7216/OnlineExamSystem/TheorySet.aspx.designer.cs
2026-01-02 06:58:46,631 - Knowledge - INFO - process ingested knowledge for /app/data/tataelxsimockapisolutions5451/7216/b03394a/Online-Examination-System-7216/OnlineExamSystem/Properties/AssemblyInfo.cs
2026-01-02 06:58:46,683 - Knowledge - INFO - done ingest for /app/data/tataelxsimockapisolutions5451/7216/b03394a/Online-Examination-System-7216/OnlineExamSystem/EditMCQ.aspx.cs
2026-01-02 06:58:47,323 - Knowledge - INFO - process ingested knowledge for /app/data/tataelxsimockapisolutions5451/7216/b03394a/Online-Examination-System-7216/OnlineExamSystem/TheoryExam.aspx.designer.cs
2026-01-02 06:58:47,564 - Knowledge - INFO - Processing batch of 4 files
2026-01-02 06:58:47,624 - Knowledge - INFO - process ingested knowledge for /app/data/tataelxsimockapisolutions5451/7216/b03394a/Online-Examination-System-7216/OnlineExamSystem/AdminLeaderboard.aspx.cs
2026-01-02 06:58:47,763 - Knowledge - INFO - process ingested knowledge for /app/data/tataelxsimockapisolutions5451/7216/b03394a/Online-Examination-System-7216/OnlineExamSystem/Leaderboard.aspx.cs
2026-01-02 06:58:47,764 - Knowledge - INFO - process ingested knowledge for /app/data/tataelxsimockapisolutions5451/7216/b03394a/Online-Examination-System-7216/OnlineExamSystem/AdminPanel.aspx.designer.cs
2026-01-02 06:58:48,343 - Knowledge - INFO - process ingested knowledge for /app/data/tataelxsimockapisolutions5451/7216/b03394a/Online-Examination-System-7216/OnlineExamSystem/StartExam.aspx.designer.cs
2026-01-02 06:58:48,351 - Knowledge - INFO - [WEBSOCKET] Sent: Type=progress_update, Size: 289, Duration: 0ms
2026-01-02 06:58:48,370 - Knowledge - INFO - process ingested knowledge for /app/data/tataelxsimockapisolutions5451/7216/b03394a/Online-Examination-System-7216/OnlineExamSystem/AdminCourseQueue.aspx.designer.cs
2026-01-02 06:58:48,741 - Knowledge - INFO - [WEBSOCKET] Sent: Type=unknown, Size: ?, Duration: 391ms
2026-01-02 06:58:48,788 - Knowledge - INFO - process ingested knowledge for /app/data/tataelxsimockapisolutions5451/7216/b03394a/Online-Examination-System-7216/OnlineExamSystem/Dashboard.aspx.cs
2026-01-02 06:58:49,067 - Knowledge - INFO - Progress: 68.0% | Files: 34/50 | Rate: 0.63 files/sec | Queue: 0
2026-01-02 06:58:49,592 - Knowledge - INFO - [LLM_CALL] Completed: MCQExam.aspx.cs:chunk1, Duration: 35757ms, PromptTokens: 5282, CompletionTokens: 575, Cost: $0.00076
2026-01-02 06:58:49,871 - Knowledge - INFO - done ingest for /app/data/tataelxsimockapisolutions5451/7216/b03394a/Online-Examination-System-7216/OnlineExamSystem/MCQExam.aspx.cs
2026-01-02 06:58:50,365 - Knowledge - INFO - process ingested knowledge for /app/data/tataelxsimockapisolutions5451/7216/b03394a/Online-Examination-System-7216/OnlineExamSystem/EditExam.aspx.designer.cs
2026-01-02 06:58:50,565 - Knowledge - INFO - [LLM_CALL] Completed: ExamResult.aspx.designer.cs:chunk1, Duration: 35584ms, PromptTokens: 5788, CompletionTokens: 392, Cost: $0.00074
2026-01-02 06:58:50,764 - Knowledge - INFO - done ingest for /app/data/tataelxsimockapisolutions5451/7216/b03394a/Online-Examination-System-7216/OnlineExamSystem/ExamResult.aspx.designer.cs
2026-01-02 06:58:50,768 - Knowledge - INFO - [LLM_CALL] Completed: MCQExam.aspx.designer.cs:chunk1, Duration: 39384ms, PromptTokens: 4736, CompletionTokens: 412, Cost: $0.00064
2026-01-02 06:58:51,296 - Knowledge - INFO - done ingest for /app/data/tataelxsimockapisolutions5451/7216/b03394a/Online-Examination-System-7216/OnlineExamSystem/MCQExam.aspx.designer.cs
2026-01-02 06:58:51,304 - Knowledge - INFO - [LLM_CALL] Completed: AdminLeaderboard.aspx.designer.cs:chunk1, Duration: 18845ms, PromptTokens: 2592, CompletionTokens: 351, Cost: $0.00040
2026-01-02 06:58:51,709 - Knowledge - INFO - done ingest for /app/data/tataelxsimockapisolutions5451/7216/b03394a/Online-Examination-System-7216/OnlineExamSystem/AdminLeaderboard.aspx.designer.cs
2026-01-02 06:58:51,915 - Knowledge - INFO - [WEBSOCKET] Sent: Type=progress_update, Size: 270, Duration: 1ms
2026-01-02 06:58:52,231 - Knowledge - INFO - Processing batch of 4 files
2026-01-02 06:58:52,237 - Knowledge - INFO - [WEBSOCKET] Sent: Type=unknown, Size: ?, Duration: 323ms
2026-01-02 06:58:52,499 - Knowledge - INFO - process ingested knowledge for /app/data/tataelxsimockapisolutions5451/7216/b03394a/Online-Examination-System-7216/OnlineExamSystem/AdminQueue.aspx.cs
2026-01-02 06:58:52,647 - Knowledge - INFO - Progress: 72.0% | Files: 38/50 | Rate: 0.66 files/sec | Queue: 0
2026-01-02 06:58:52,949 - Knowledge - INFO - [LLM_CALL] Completed: AdminQueue.aspx.designer.cs:chunk1, Duration: 15042ms, PromptTokens: 2334, CompletionTokens: 301, Cost: $0.00035
2026-01-02 06:58:53,119 - Knowledge - INFO - process ingested knowledge for /app/data/tataelxsimockapisolutions5451/7216/b03394a/Online-Examination-System-7216/OnlineExamSystem/Leaderboard.aspx.designer.cs
2026-01-02 06:58:53,176 - Knowledge - INFO - done ingest for /app/data/tataelxsimockapisolutions5451/7216/b03394a/Online-Examination-System-7216/OnlineExamSystem/AdminQueue.aspx.designer.cs
2026-01-02 06:58:53,186 - Knowledge - INFO - [LLM_CALL] Completed: DownloadPdf.aspx.designer.cs:chunk1, Duration: 17432ms, PromptTokens: 5036, CompletionTokens: 396, Cost: $0.00066
2026-01-02 06:58:53,451 - Knowledge - INFO - process ingested knowledge for /app/data/tataelxsimockapisolutions5451/7216/b03394a/Online-Examination-System-7216/OnlineExamSystem/MCQExam.aspx.cs
2026-01-02 06:58:53,596 - Knowledge - INFO - done ingest for /app/data/tataelxsimockapisolutions5451/7216/b03394a/Online-Examination-System-7216/OnlineExamSystem/DownloadPdf.aspx.designer.cs
2026-01-02 06:58:53,601 - Knowledge - INFO - [LLM_CALL] Completed: TheorySet.aspx.cs:chunk1, Duration: 25435ms, PromptTokens: 8970, CompletionTokens: 698, Cost: $0.00118
2026-01-02 06:58:53,933 - Knowledge - INFO - done ingest for /app/data/tataelxsimockapisolutions5451/7216/b03394a/Online-Examination-System-7216/OnlineExamSystem/TheorySet.aspx.cs
2026-01-02 06:58:54,353 - Knowledge - INFO - process ingested knowledge for /app/data/tataelxsimockapisolutions5451/7216/b03394a/Online-Examination-System-7216/OnlineExamSystem/MCQSet.aspx.designer.cs
2026-01-02 06:58:54,614 - Knowledge - INFO - [LLM_CALL] Completed: LoginPage.aspx.designer.cs:chunk1, Duration: 40790ms, PromptTokens: 2338, CompletionTokens: 274, Cost: $0.00034
2026-01-02 06:58:54,773 - Knowledge - INFO - done ingest for /app/data/tataelxsimockapisolutions5451/7216/b03394a/Online-Examination-System-7216/OnlineExamSystem/LoginPage.aspx.designer.cs
2026-01-02 06:58:54,775 - Knowledge - INFO - Processing batch of 4 files
2026-01-02 06:58:54,900 - Knowledge - INFO - [LLM_CALL] Completed: StartExam.aspx.cs:chunk1, Duration: 28916ms, PromptTokens: 6630, CompletionTokens: 769, Cost: $0.00097
2026-01-02 06:58:55,331 - Knowledge - INFO - process ingested knowledge for /app/data/tataelxsimockapisolutions5451/7216/b03394a/Online-Examination-System-7216/OnlineExamSystem/MCQExam.aspx.designer.cs
2026-01-02 06:58:55,430 - Knowledge - INFO - done ingest for /app/data/tataelxsimockapisolutions5451/7216/b03394a/Online-Examination-System-7216/OnlineExamSystem/StartExam.aspx.cs
2026-01-02 06:58:55,542 - Knowledge - INFO - [LLM_CALL] Completed: MCQSet.aspx.cs:chunk1, Duration: 34566ms, PromptTokens: 9180, CompletionTokens: 656, Cost: $0.00118
2026-01-02 06:58:55,575 - Knowledge - INFO - process ingested knowledge for /app/data/tataelxsimockapisolutions5451/7216/b03394a/Online-Examination-System-7216/OnlineExamSystem/CSS/bootstrap.css
2026-01-02 06:58:55,736 - Knowledge - INFO - done ingest for /app/data/tataelxsimockapisolutions5451/7216/b03394a/Online-Examination-System-7216/OnlineExamSystem/MCQSet.aspx.cs
2026-01-02 06:58:55,739 - Knowledge - INFO - Processing batch of 4 files
2026-01-02 06:58:55,742 - Knowledge - INFO - [WEBSOCKET] Sent: Type=progress_update, Size: 270, Duration: 0ms
2026-01-02 06:58:55,853 - Knowledge - INFO - process ingested knowledge for /app/data/tataelxsimockapisolutions5451/7216/b03394a/Online-Examination-System-7216/OnlineExamSystem/EditMCQ.aspx.cs
2026-01-02 06:58:56,066 - Knowledge - INFO - process ingested knowledge for /app/data/tataelxsimockapisolutions5451/7216/b03394a/Online-Examination-System-7216/OnlineExamSystem/ExamResult.aspx.designer.cs
2026-01-02 06:58:56,165 - Knowledge - INFO - Processing batch of 4 files
2026-01-02 06:58:56,166 - Knowledge - INFO - [WEBSOCKET] Sent: Type=unknown, Size: ?, Duration: 423ms
2026-01-02 06:58:56,265 - Knowledge - INFO - process ingested knowledge for /app/data/tataelxsimockapisolutions5451/7216/b03394a/Online-Examination-System-7216/OnlineExamSystem/TheorySet.aspx.cs
2026-01-02 06:58:56,369 - Knowledge - INFO - process ingested knowledge for /app/data/tataelxsimockapisolutions5451/7216/b03394a/Online-Examination-System-7216/OnlineExamSystem/StartExam.aspx.cs
2026-01-02 06:58:56,461 - Knowledge - INFO - process ingested knowledge for /app/data/tataelxsimockapisolutions5451/7216/b03394a/Online-Examination-System-7216/OnlineExamSystem/LoginPage.aspx.designer.cs
2026-01-02 06:58:56,536 - Knowledge - INFO - Progress: 92.0% | Files: 50/50 | Rate: 0.81 files/sec | Queue: 0
2026-01-02 06:58:56,830 - Knowledge - INFO - process ingested knowledge for /app/data/tataelxsimockapisolutions5451/7216/b03394a/Online-Examination-System-7216/OnlineExamSystem/AdminPanel.aspx.cs
2026-01-02 06:58:56,927 - Knowledge - INFO - process ingested knowledge for /app/data/tataelxsimockapisolutions5451/7216/b03394a/Online-Examination-System-7216/OnlineExamSystem/MCQSet.aspx.cs
2026-01-02 06:58:57,082 - Knowledge - INFO - process ingested knowledge for /app/data/tataelxsimockapisolutions5451/7216/b03394a/Online-Examination-System-7216/OnlineExamSystem/DownloadPdf.aspx.designer.cs
2026-01-02 06:58:57,164 - Knowledge - INFO - process ingested knowledge for /app/data/tataelxsimockapisolutions5451/7216/b03394a/Online-Examination-System-7216/OnlineExamSystem/AdminLeaderboard.aspx.designer.cs
2026-01-02 06:58:57,343 - Knowledge - INFO - process ingested knowledge for /app/data/tataelxsimockapisolutions5451/7216/b03394a/Online-Examination-System-7216/OnlineExamSystem/AdminQueue.aspx.designer.cs
2026-01-02 06:58:57,931 - Knowledge - INFO - Knowledge creation complete
2026-01-02 06:58:58,093 - Knowledge - INFO - ==================================================
2026-01-02 06:58:58,296 - Knowledge - INFO - KNOWLEDGE GRAPH GENERATION PERFORMANCE SUMMARY
2026-01-02 06:58:58,487 - Knowledge - INFO - ==================================================
2026-01-02 06:58:58,672 - Knowledge - INFO - Total processing time: 63.95 seconds (1.07 minutes)
2026-01-02 06:58:58,833 - Knowledge - INFO - Files processed: 0
2026-01-02 06:58:59,034 - Knowledge - INFO - Processing rate: 0.00 files/second
2026-01-02 06:58:59,206 - Knowledge - INFO - 
[TIME_BREAKDOWN]
2026-01-02 06:58:59,373 - Knowledge - INFO - File Reading: 0.00s (0.0%)
2026-01-02 06:58:59,533 - Knowledge - INFO - LLM Processing: 753.95s (1179.0%)
2026-01-02 06:58:59,705 - Knowledge - INFO - MongoDB Operations: 0.00s (0.0%)
2026-01-02 06:58:59,861 - Knowledge - INFO - Redis Operations: 0.00s (0.0%)
2026-01-02 06:59:00,052 - Knowledge - INFO - WebSocket Communication: 3.68s (5.7%)
2026-01-02 06:59:00,247 - Knowledge - INFO - 
[LLM_STATS]
2026-01-02 06:59:00,402 - Knowledge - INFO - Total LLM calls: 30
2026-01-02 06:59:00,595 - Knowledge - INFO - Average LLM response time: 25132ms
2026-01-02 06:59:00,777 - Knowledge - INFO - Average prompt tokens: 4677.0
2026-01-02 06:59:00,951 - Knowledge - INFO - Average completion tokens: 436.1
2026-01-02 06:59:01,152 - Knowledge - INFO - Total prompt tokens: 140310
2026-01-02 06:59:01,368 - Knowledge - INFO - Total completion tokens: 13084
2026-01-02 06:59:01,556 - Knowledge - INFO - Total LLM cost: $0.0193
2026-01-02 06:59:01,727 - Knowledge - INFO - 
[DATABASE_STATS]
2026-01-02 06:59:01,886 - Knowledge - INFO - MongoDB operations: 0
2026-01-02 06:59:02,081 - Knowledge - INFO - Redis operations: 0
2026-01-02 06:59:02,304 - Knowledge - INFO - 
[COMMUNICATION_STATS]
2026-01-02 06:59:02,475 - Knowledge - INFO - WebSocket messages sent: 15
2026-01-02 06:59:02,677 - Knowledge - INFO - Average message size: 134.0 bytes
2026-01-02 06:59:02,842 - Knowledge - INFO - 
[WORKER_STATS]
2026-01-02 06:59:03,034 - Knowledge - INFO - 
[FILE_TYPE_STATS]
2026-01-02 06:59:03,244 - Knowledge - INFO - 
[SLOWEST_FILES]
2026-01-02 06:59:03,468 - Knowledge - INFO - ==================================================
2026-01-02 06:59:03,695 - Knowledge - INFO - ==================================================
2026-01-02 06:59:03,874 - Knowledge - INFO - KNOWLEDGE GRAPH GENERATION PERFORMANCE SUMMARY
2026-01-02 06:59:04,048 - Knowledge - INFO - ==================================================
2026-01-02 06:59:04,237 - Knowledge - INFO - Total processing time: 69.62 seconds (1.16 minutes)
2026-01-02 06:59:04,443 - Knowledge - INFO - Files processed: 50 of 50
2026-01-02 06:59:04,634 - Knowledge - INFO - Processing rate: 0.72 files/second
2026-01-02 06:59:04,796 - Knowledge - INFO - WebSocket messages sent: 7
2026-01-02 06:59:04,987 - Knowledge - INFO - MongoDB operations: 50
2026-01-02 06:59:05,145 - Knowledge - INFO - Average MongoDB ops per file: 1.00
2026-01-02 06:59:05,322 - Knowledge - INFO - LLM costs: $0.0193
2026-01-02 06:59:05,494 - Knowledge - INFO - Prompt tokens: 140310
2026-01-02 06:59:05,702 - Knowledge - INFO - Completion tokens: 13084
2026-01-02 06:59:05,866 - Knowledge - INFO - Updating org costs, total cost: 0.0192646
2026-01-02 06:59:06,087 - Knowledge - INFO - [WEBSOCKET] Sent: Type=progress_update, Size: 268, Duration: 0ms
2026-01-02 06:59:06,252 - Knowledge - INFO - Saving knowledge to Redis...
2026-01-02 06:59:06,505 - Knowledge - INFO - Knowledge saved to Redis successfully
2026-01-02 09:58:13,869 - Knowledge - INFO - Created shared MongoDB connection pool
2026-01-02 09:58:14,208 - Knowledge - INFO - Starting Knowledge Graph processing with 20 threads
2026-01-02 09:58:14,422 - Knowledge - INFO - Initial configuration: chunk_size=65536, max_cache_size=500
2026-01-02 09:58:14,617 - Knowledge - INFO - Knowledge Graph concurrency configuration: workers=20, max_batch_size=10, max_concurrent_llm_calls=50
2026-01-02 09:58:15,564 - Knowledge - INFO - 🔍 _load_persisted_knowledge called - checking for Redis optimization
2026-01-02 09:58:15,731 - Knowledge - WARNING - ❌ load_from_redis method not found - Redis support not attached
2026-01-02 09:58:15,884 - Knowledge - INFO - load persisted knowledge: begin
2026-01-02 09:58:16,588 - Knowledge - INFO - Persisted knowledge files in /app/data/tataelxsimockapisolutions5451/7216/b03394a/Online-Examination-System-7216/.knowledge have been renamed to use .json
2026-01-02 09:58:16,774 - Knowledge - INFO - Found code-base-name: https://github.com/kavia-common/Online-Examination-System-7216.git:kavia-dev
2026-01-02 09:58:16,919 - Knowledge - INFO - Found code_base: <app.utils.kg_build.knowledge.KnowledgeCodeBase object at 0x7fd8d94d6790>
2026-01-02 09:58:17,257 - Knowledge - INFO - Found code-base-name: https://github.com/kavia-common/Online-Examination-System-7216.git:kavia-dev
2026-01-02 09:58:17,455 - Knowledge - INFO - Found code_base: <app.utils.kg_build.knowledge.KnowledgeCodeBase object at 0x7fd8d94d6790>
2026-01-02 09:58:17,613 - Knowledge - INFO - persist ingested knowledge for /app/data/tataelxsimockapisolutions5451/7216/b03394a/Online-Examination-System-7216/OnlineExamSystem/Properties/AssemblyInfo.cs
2026-01-02 09:58:17,872 - Knowledge - INFO - [MONGODB_OP] Completed: persist, Collection: file_info, Duration: 83ms
2026-01-02 09:58:18,684 - Knowledge - INFO - [REDIS_OP] Completed: store_embedding, Key: OnlineExamSystem/Properties/AssemblyInfo.cs, Duration: 620ms
2026-01-02 09:58:18,832 - Knowledge - INFO - persist search terms embedding for OnlineExamSystem/Properties/AssemblyInfo.cs
2026-01-02 09:58:19,035 - Knowledge - INFO - process ingested knowledge for /app/data/tataelxsimockapisolutions5451/7216/b03394a/Online-Examination-System-7216/OnlineExamSystem/Properties/AssemblyInfo.cs
2026-01-02 09:58:19,209 - Knowledge - INFO - Found code-base-name: https://github.com/kavia-common/Online-Examination-System-7216.git:kavia-dev
2026-01-02 09:58:19,369 - Knowledge - INFO - Found code_base: <app.utils.kg_build.knowledge.KnowledgeCodeBase object at 0x7fd8d94d6790>
2026-01-02 09:58:19,684 - Knowledge - INFO - Found code-base-name: https://github.com/kavia-common/Online-Examination-System-7216.git:kavia-dev
2026-01-02 09:58:19,866 - Knowledge - INFO - Found code_base: <app.utils.kg_build.knowledge.KnowledgeCodeBase object at 0x7fd8d94d6790>
2026-01-02 09:58:20,095 - Knowledge - INFO - persist ingested knowledge for /app/data/tataelxsimockapisolutions5451/7216/b03394a/Online-Examination-System-7216/OnlineExamSystem/AdminLeaderboard.aspx.cs
2026-01-02 09:58:20,366 - Knowledge - INFO - [MONGODB_OP] Completed: persist, Collection: file_info, Duration: 81ms
2026-01-02 09:58:20,840 - Knowledge - INFO - [REDIS_OP] Completed: store_embedding, Key: OnlineExamSystem/AdminLeaderboard.aspx.cs, Duration: 274ms
2026-01-02 09:58:21,035 - Knowledge - INFO - persist search terms embedding for OnlineExamSystem/AdminLeaderboard.aspx.cs
2026-01-02 09:58:21,222 - Knowledge - INFO - process ingested knowledge for /app/data/tataelxsimockapisolutions5451/7216/b03394a/Online-Examination-System-7216/OnlineExamSystem/AdminLeaderboard.aspx.cs
2026-01-02 09:58:21,378 - Knowledge - INFO - Found code-base-name: https://github.com/kavia-common/Online-Examination-System-7216.git:kavia-dev
2026-01-02 09:58:21,566 - Knowledge - INFO - Found code_base: <app.utils.kg_build.knowledge.KnowledgeCodeBase object at 0x7fd8d94d6790>
2026-01-02 09:58:21,800 - Knowledge - INFO - Found code-base-name: https://github.com/kavia-common/Online-Examination-System-7216.git:kavia-dev
2026-01-02 09:58:22,007 - Knowledge - INFO - Found code_base: <app.utils.kg_build.knowledge.KnowledgeCodeBase object at 0x7fd8d94d6790>
2026-01-02 09:58:22,187 - Knowledge - INFO - persist ingested knowledge for /app/data/tataelxsimockapisolutions5451/7216/b03394a/Online-Examination-System-7216/OnlineExamSystem/AdminCourseQueue.aspx.designer.cs
2026-01-02 09:58:22,441 - Knowledge - INFO - [MONGODB_OP] Completed: persist, Collection: file_info, Duration: 87ms
2026-01-02 09:58:23,083 - Knowledge - INFO - [REDIS_OP] Completed: store_embedding, Key: OnlineExamSystem/AdminCourseQueue.aspx.designer.cs, Duration: 464ms
2026-01-02 09:58:23,271 - Knowledge - INFO - persist search terms embedding for OnlineExamSystem/AdminCourseQueue.aspx.designer.cs
2026-01-02 09:58:23,455 - Knowledge - INFO - process ingested knowledge for /app/data/tataelxsimockapisolutions5451/7216/b03394a/Online-Examination-System-7216/OnlineExamSystem/AdminCourseQueue.aspx.designer.cs
2026-01-02 09:58:23,681 - Knowledge - INFO - Found code-base-name: https://github.com/kavia-common/Online-Examination-System-7216.git:kavia-dev
2026-01-02 09:58:23,845 - Knowledge - INFO - Found code_base: <app.utils.kg_build.knowledge.KnowledgeCodeBase object at 0x7fd8d94d6790>
2026-01-02 09:58:24,069 - Knowledge - INFO - Found code-base-name: https://github.com/kavia-common/Online-Examination-System-7216.git:kavia-dev
2026-01-02 09:58:24,267 - Knowledge - INFO - Found code_base: <app.utils.kg_build.knowledge.KnowledgeCodeBase object at 0x7fd8d94d6790>
2026-01-02 09:58:24,408 - Knowledge - INFO - persist ingested knowledge for /app/data/tataelxsimockapisolutions5451/7216/b03394a/Online-Examination-System-7216/OnlineExamSystem/AdminQueue.aspx.cs
2026-01-02 09:58:24,673 - Knowledge - INFO - [MONGODB_OP] Completed: persist, Collection: file_info, Duration: 94ms
2026-01-02 09:58:25,032 - Knowledge - INFO - [REDIS_OP] Completed: store_embedding, Key: OnlineExamSystem/AdminQueue.aspx.cs, Duration: 196ms
2026-01-02 09:58:25,216 - Knowledge - INFO - persist search terms embedding for OnlineExamSystem/AdminQueue.aspx.cs
2026-01-02 09:58:25,403 - Knowledge - INFO - process ingested knowledge for /app/data/tataelxsimockapisolutions5451/7216/b03394a/Online-Examination-System-7216/OnlineExamSystem/AdminQueue.aspx.cs
2026-01-02 09:58:25,604 - Knowledge - INFO - Found code-base-name: https://github.com/kavia-common/Online-Examination-System-7216.git:kavia-dev
2026-01-02 09:58:25,784 - Knowledge - INFO - Found code_base: <app.utils.kg_build.knowledge.KnowledgeCodeBase object at 0x7fd8d94d6790>
2026-01-02 09:58:26,015 - Knowledge - INFO - Found code-base-name: https://github.com/kavia-common/Online-Examination-System-7216.git:kavia-dev
2026-01-02 09:58:26,209 - Knowledge - INFO - Found code_base: <app.utils.kg_build.knowledge.KnowledgeCodeBase object at 0x7fd8d94d6790>
2026-01-02 09:58:26,391 - Knowledge - INFO - persist ingested knowledge for /app/data/tataelxsimockapisolutions5451/7216/b03394a/Online-Examination-System-7216/OnlineExamSystem/TheorySet.aspx.designer.cs
2026-01-02 09:58:26,629 - Knowledge - INFO - [MONGODB_OP] Completed: persist, Collection: file_info, Duration: 87ms
2026-01-02 09:58:27,468 - Knowledge - INFO - [REDIS_OP] Completed: store_embedding, Key: OnlineExamSystem/TheorySet.aspx.designer.cs, Duration: 674ms
2026-01-02 09:58:27,682 - Knowledge - INFO - persist search terms embedding for OnlineExamSystem/TheorySet.aspx.designer.cs
2026-01-02 09:58:27,894 - Knowledge - INFO - process ingested knowledge for /app/data/tataelxsimockapisolutions5451/7216/b03394a/Online-Examination-System-7216/OnlineExamSystem/TheorySet.aspx.designer.cs
2026-01-02 09:58:28,072 - Knowledge - INFO - Found code-base-name: https://github.com/kavia-common/Online-Examination-System-7216.git:kavia-dev
2026-01-02 09:58:28,236 - Knowledge - INFO - Found code_base: <app.utils.kg_build.knowledge.KnowledgeCodeBase object at 0x7fd8d94d6790>
2026-01-02 09:58:28,456 - Knowledge - INFO - Found code-base-name: https://github.com/kavia-common/Online-Examination-System-7216.git:kavia-dev
2026-01-02 09:58:28,623 - Knowledge - INFO - Found code_base: <app.utils.kg_build.knowledge.KnowledgeCodeBase object at 0x7fd8d94d6790>
2026-01-02 09:58:28,798 - Knowledge - INFO - persist ingested knowledge for /app/data/tataelxsimockapisolutions5451/7216/b03394a/Online-Examination-System-7216/OnlineExamSystem/EditMCQ.aspx.designer.cs
2026-01-02 09:58:29,052 - Knowledge - INFO - [MONGODB_OP] Completed: persist, Collection: file_info, Duration: 95ms
2026-01-02 09:58:29,627 - Knowledge - INFO - [REDIS_OP] Completed: store_embedding, Key: OnlineExamSystem/EditMCQ.aspx.designer.cs, Duration: 363ms
2026-01-02 09:58:29,803 - Knowledge - INFO - persist search terms embedding for OnlineExamSystem/EditMCQ.aspx.designer.cs
2026-01-02 09:58:30,035 - Knowledge - INFO - process ingested knowledge for /app/data/tataelxsimockapisolutions5451/7216/b03394a/Online-Examination-System-7216/OnlineExamSystem/EditMCQ.aspx.designer.cs
2026-01-02 09:58:30,240 - Knowledge - INFO - Found code-base-name: https://github.com/kavia-common/Online-Examination-System-7216.git:kavia-dev
2026-01-02 09:58:30,401 - Knowledge - INFO - Found code_base: <app.utils.kg_build.knowledge.KnowledgeCodeBase object at 0x7fd8d94d6790>
2026-01-02 09:58:30,615 - Knowledge - INFO - Found code-base-name: https://github.com/kavia-common/Online-Examination-System-7216.git:kavia-dev
2026-01-02 09:58:30,805 - Knowledge - INFO - Found code_base: <app.utils.kg_build.knowledge.KnowledgeCodeBase object at 0x7fd8d94d6790>
2026-01-02 09:58:31,004 - Knowledge - INFO - persist ingested knowledge for /app/data/tataelxsimockapisolutions5451/7216/b03394a/Online-Examination-System-7216/OnlineExamSystem/LoginPage.aspx.cs
2026-01-02 09:58:31,296 - Knowledge - INFO - [MONGODB_OP] Completed: persist, Collection: file_info, Duration: 90ms
2026-01-02 09:58:31,875 - Knowledge - INFO - [REDIS_OP] Completed: store_embedding, Key: OnlineExamSystem/LoginPage.aspx.cs, Duration: 384ms
2026-01-02 09:58:32,053 - Knowledge - INFO - persist search terms embedding for OnlineExamSystem/LoginPage.aspx.cs
2026-01-02 09:58:32,220 - Knowledge - INFO - process ingested knowledge for /app/data/tataelxsimockapisolutions5451/7216/b03394a/Online-Examination-System-7216/OnlineExamSystem/LoginPage.aspx.cs
2026-01-02 09:58:32,430 - Knowledge - INFO - Found code-base-name: https://github.com/kavia-common/Online-Examination-System-7216.git:kavia-dev
2026-01-02 09:58:32,623 - Knowledge - INFO - Found code_base: <app.utils.kg_build.knowledge.KnowledgeCodeBase object at 0x7fd8d94d6790>
2026-01-02 09:58:32,837 - Knowledge - INFO - Found code-base-name: https://github.com/kavia-common/Online-Examination-System-7216.git:kavia-dev
2026-01-02 09:58:33,051 - Knowledge - INFO - Found code_base: <app.utils.kg_build.knowledge.KnowledgeCodeBase object at 0x7fd8d94d6790>
2026-01-02 09:58:33,228 - Knowledge - INFO - persist ingested knowledge for /app/data/tataelxsimockapisolutions5451/7216/b03394a/Online-Examination-System-7216/database-script/Online-Examination-System-Databse-Script.sql
2026-01-02 09:58:33,517 - Knowledge - INFO - [MONGODB_OP] Completed: persist, Collection: file_info, Duration: 105ms
2026-01-02 09:58:34,105 - Knowledge - INFO - [REDIS_OP] Completed: store_embedding, Key: database-script/Online-Examination-System-Databse-Script.sql, Duration: 381ms
2026-01-02 09:58:34,305 - Knowledge - INFO - persist search terms embedding for database-script/Online-Examination-System-Databse-Script.sql
2026-01-02 09:58:34,493 - Knowledge - INFO - process ingested knowledge for /app/data/tataelxsimockapisolutions5451/7216/b03394a/Online-Examination-System-7216/database-script/Online-Examination-System-Databse-Script.sql
2026-01-02 09:58:34,724 - Knowledge - INFO - Found code-base-name: https://github.com/kavia-common/Online-Examination-System-7216.git:kavia-dev
2026-01-02 09:58:34,904 - Knowledge - INFO - Found code_base: <app.utils.kg_build.knowledge.KnowledgeCodeBase object at 0x7fd8d94d6790>
2026-01-02 09:58:35,141 - Knowledge - INFO - Found code-base-name: https://github.com/kavia-common/Online-Examination-System-7216.git:kavia-dev
2026-01-02 09:58:35,325 - Knowledge - INFO - Found code_base: <app.utils.kg_build.knowledge.KnowledgeCodeBase object at 0x7fd8d94d6790>
2026-01-02 09:58:35,497 - Knowledge - INFO - persist ingested knowledge for /app/data/tataelxsimockapisolutions5451/7216/b03394a/Online-Examination-System-7216/OnlineExamSystem/TheoryExam.aspx.cs
2026-01-02 09:58:35,816 - Knowledge - INFO - [MONGODB_OP] Completed: persist, Collection: file_info, Duration: 88ms
2026-01-02 09:58:36,208 - Knowledge - INFO - [REDIS_OP] Completed: store_embedding, Key: OnlineExamSystem/TheoryExam.aspx.cs, Duration: 223ms
2026-01-02 09:58:36,393 - Knowledge - INFO - persist search terms embedding for OnlineExamSystem/TheoryExam.aspx.cs
2026-01-02 09:58:36,537 - Knowledge - INFO - process ingested knowledge for /app/data/tataelxsimockapisolutions5451/7216/b03394a/Online-Examination-System-7216/OnlineExamSystem/TheoryExam.aspx.cs
2026-01-02 09:58:36,720 - Knowledge - INFO - Found code-base-name: https://github.com/kavia-common/Online-Examination-System-7216.git:kavia-dev
2026-01-02 09:58:36,899 - Knowledge - INFO - Found code_base: <app.utils.kg_build.knowledge.KnowledgeCodeBase object at 0x7fd8d94d6790>
2026-01-02 09:58:37,168 - Knowledge - INFO - Found code-base-name: https://github.com/kavia-common/Online-Examination-System-7216.git:kavia-dev
2026-01-02 09:58:37,350 - Knowledge - INFO - Found code_base: <app.utils.kg_build.knowledge.KnowledgeCodeBase object at 0x7fd8d94d6790>
2026-01-02 09:58:37,522 - Knowledge - INFO - persist ingested knowledge for /app/data/tataelxsimockapisolutions5451/7216/b03394a/Online-Examination-System-7216/OnlineExamSystem/TakenCourses.aspx.designer.cs
2026-01-02 09:58:37,853 - Knowledge - INFO - [MONGODB_OP] Completed: persist, Collection: file_info, Duration: 109ms
2026-01-02 09:58:38,250 - Knowledge - INFO - [REDIS_OP] Completed: store_embedding, Key: OnlineExamSystem/TakenCourses.aspx.designer.cs, Duration: 250ms
2026-01-02 09:58:38,410 - Knowledge - INFO - persist search terms embedding for OnlineExamSystem/TakenCourses.aspx.designer.cs
2026-01-02 09:58:38,599 - Knowledge - INFO - process ingested knowledge for /app/data/tataelxsimockapisolutions5451/7216/b03394a/Online-Examination-System-7216/OnlineExamSystem/TakenCourses.aspx.designer.cs
2026-01-02 09:58:38,845 - Knowledge - INFO - Found code-base-name: https://github.com/kavia-common/Online-Examination-System-7216.git:kavia-dev
2026-01-02 09:58:39,039 - Knowledge - INFO - Found code_base: <app.utils.kg_build.knowledge.KnowledgeCodeBase object at 0x7fd8d94d6790>
2026-01-02 09:58:39,285 - Knowledge - INFO - Found code-base-name: https://github.com/kavia-common/Online-Examination-System-7216.git:kavia-dev
2026-01-02 09:58:39,463 - Knowledge - INFO - Found code_base: <app.utils.kg_build.knowledge.KnowledgeCodeBase object at 0x7fd8d94d6790>
2026-01-02 09:58:39,648 - Knowledge - INFO - persist ingested knowledge for /app/data/tataelxsimockapisolutions5451/7216/b03394a/Online-Examination-System-7216/OnlineExamSystem/SetExam.aspx.designer.cs
2026-01-02 09:58:39,936 - Knowledge - INFO - [MONGODB_OP] Completed: persist, Collection: file_info, Duration: 120ms
2026-01-02 09:58:40,652 - Knowledge - INFO - [REDIS_OP] Completed: store_embedding, Key: OnlineExamSystem/SetExam.aspx.designer.cs, Duration: 535ms
2026-01-02 09:58:40,848 - Knowledge - INFO - persist search terms embedding for OnlineExamSystem/SetExam.aspx.designer.cs
2026-01-02 09:58:41,031 - Knowledge - INFO - process ingested knowledge for /app/data/tataelxsimockapisolutions5451/7216/b03394a/Online-Examination-System-7216/OnlineExamSystem/SetExam.aspx.designer.cs
2026-01-02 09:58:41,213 - Knowledge - INFO - Found code-base-name: https://github.com/kavia-common/Online-Examination-System-7216.git:kavia-dev
2026-01-02 09:58:41,389 - Knowledge - INFO - Found code_base: <app.utils.kg_build.knowledge.KnowledgeCodeBase object at 0x7fd8d94d6790>
2026-01-02 09:58:41,682 - Knowledge - INFO - Found code-base-name: https://github.com/kavia-common/Online-Examination-System-7216.git:kavia-dev
2026-01-02 09:58:41,880 - Knowledge - INFO - Found code_base: <app.utils.kg_build.knowledge.KnowledgeCodeBase object at 0x7fd8d94d6790>
2026-01-02 09:58:42,093 - Knowledge - INFO - persist ingested knowledge for /app/data/tataelxsimockapisolutions5451/7216/b03394a/Online-Examination-System-7216/OnlineExamSystem/ShowAns.aspx.designer.cs
2026-01-02 09:58:42,360 - Knowledge - INFO - [MONGODB_OP] Completed: persist, Collection: file_info, Duration: 93ms
2026-01-02 09:58:42,921 - Knowledge - INFO - [REDIS_OP] Completed: store_embedding, Key: OnlineExamSystem/ShowAns.aspx.designer.cs, Duration: 382ms
2026-01-02 09:58:43,154 - Knowledge - INFO - persist search terms embedding for OnlineExamSystem/ShowAns.aspx.designer.cs
2026-01-02 09:58:43,367 - Knowledge - INFO - process ingested knowledge for /app/data/tataelxsimockapisolutions5451/7216/b03394a/Online-Examination-System-7216/OnlineExamSystem/ShowAns.aspx.designer.cs
2026-01-02 09:58:43,562 - Knowledge - INFO - Found code-base-name: https://github.com/kavia-common/Online-Examination-System-7216.git:kavia-dev
2026-01-02 09:58:43,730 - Knowledge - INFO - Found code_base: <app.utils.kg_build.knowledge.KnowledgeCodeBase object at 0x7fd8d94d6790>
2026-01-02 09:58:43,964 - Knowledge - INFO - Found code-base-name: https://github.com/kavia-common/Online-Examination-System-7216.git:kavia-dev
2026-01-02 09:58:44,124 - Knowledge - INFO - Found code_base: <app.utils.kg_build.knowledge.KnowledgeCodeBase object at 0x7fd8d94d6790>
2026-01-02 09:58:44,326 - Knowledge - INFO - persist ingested knowledge for /app/data/tataelxsimockapisolutions5451/7216/b03394a/Online-Examination-System-7216/OnlineExamSystem/SignUpPage.aspx.designer.cs
2026-01-02 09:58:44,592 - Knowledge - INFO - [MONGODB_OP] Completed: persist, Collection: file_info, Duration: 114ms
2026-01-02 09:58:45,055 - Knowledge - INFO - [REDIS_OP] Completed: store_embedding, Key: OnlineExamSystem/SignUpPage.aspx.designer.cs, Duration: 272ms
2026-01-02 09:58:45,237 - Knowledge - INFO - persist search terms embedding for OnlineExamSystem/SignUpPage.aspx.designer.cs
2026-01-02 09:58:45,466 - Knowledge - INFO - process ingested knowledge for /app/data/tataelxsimockapisolutions5451/7216/b03394a/Online-Examination-System-7216/OnlineExamSystem/SignUpPage.aspx.designer.cs
2026-01-02 09:58:45,628 - Knowledge - INFO - Found code-base-name: https://github.com/kavia-common/Online-Examination-System-7216.git:kavia-dev
2026-01-02 09:58:45,772 - Knowledge - INFO - Found code_base: <app.utils.kg_build.knowledge.KnowledgeCodeBase object at 0x7fd8d94d6790>
2026-01-02 09:58:46,062 - Knowledge - INFO - Found code-base-name: https://github.com/kavia-common/Online-Examination-System-7216.git:kavia-dev
2026-01-02 09:58:46,267 - Knowledge - INFO - Found code_base: <app.utils.kg_build.knowledge.KnowledgeCodeBase object at 0x7fd8d94d6790>
2026-01-02 09:58:46,462 - Knowledge - INFO - persist ingested knowledge for /app/data/tataelxsimockapisolutions5451/7216/b03394a/Online-Examination-System-7216/OnlineExamSystem/DownloadPdf.aspx.cs
2026-01-02 09:58:46,781 - Knowledge - INFO - [MONGODB_OP] Completed: persist, Collection: file_info, Duration: 95ms
2026-01-02 09:58:47,183 - Knowledge - INFO - [REDIS_OP] Completed: store_embedding, Key: OnlineExamSystem/DownloadPdf.aspx.cs, Duration: 223ms
2026-01-02 09:58:47,367 - Knowledge - INFO - persist search terms embedding for OnlineExamSystem/DownloadPdf.aspx.cs
2026-01-02 09:58:47,554 - Knowledge - INFO - process ingested knowledge for /app/data/tataelxsimockapisolutions5451/7216/b03394a/Online-Examination-System-7216/OnlineExamSystem/DownloadPdf.aspx.cs
2026-01-02 09:58:47,767 - Knowledge - INFO - Found code-base-name: https://github.com/kavia-common/Online-Examination-System-7216.git:kavia-dev
2026-01-02 09:58:47,914 - Knowledge - INFO - Found code_base: <app.utils.kg_build.knowledge.KnowledgeCodeBase object at 0x7fd8d94d6790>
2026-01-02 09:58:48,154 - Knowledge - INFO - Found code-base-name: https://github.com/kavia-common/Online-Examination-System-7216.git:kavia-dev
2026-01-02 09:58:48,304 - Knowledge - INFO - Found code_base: <app.utils.kg_build.knowledge.KnowledgeCodeBase object at 0x7fd8d94d6790>
2026-01-02 09:58:48,470 - Knowledge - INFO - persist ingested knowledge for /app/data/tataelxsimockapisolutions5451/7216/b03394a/Online-Examination-System-7216/OnlineExamSystem/ExamResult.aspx.cs
2026-01-02 09:58:48,749 - Knowledge - INFO - [MONGODB_OP] Completed: persist, Collection: file_info, Duration: 87ms
2026-01-02 09:58:49,154 - Knowledge - INFO - [REDIS_OP] Completed: store_embedding, Key: OnlineExamSystem/ExamResult.aspx.cs, Duration: 208ms
2026-01-02 09:58:49,335 - Knowledge - INFO - persist search terms embedding for OnlineExamSystem/ExamResult.aspx.cs
2026-01-02 09:58:49,544 - Knowledge - INFO - process ingested knowledge for /app/data/tataelxsimockapisolutions5451/7216/b03394a/Online-Examination-System-7216/OnlineExamSystem/ExamResult.aspx.cs
2026-01-02 09:58:49,752 - Knowledge - INFO - Found code-base-name: https://github.com/kavia-common/Online-Examination-System-7216.git:kavia-dev
2026-01-02 09:58:49,943 - Knowledge - INFO - Found code_base: <app.utils.kg_build.knowledge.KnowledgeCodeBase object at 0x7fd8d94d6790>
2026-01-02 09:58:50,182 - Knowledge - INFO - Found code-base-name: https://github.com/kavia-common/Online-Examination-System-7216.git:kavia-dev
2026-01-02 09:58:50,328 - Knowledge - INFO - Found code_base: <app.utils.kg_build.knowledge.KnowledgeCodeBase object at 0x7fd8d94d6790>
2026-01-02 09:58:50,504 - Knowledge - INFO - persist ingested knowledge for /app/data/tataelxsimockapisolutions5451/7216/b03394a/Online-Examination-System-7216/OnlineExamSystem/EditTheory.aspx.designer.cs
2026-01-02 09:58:50,781 - Knowledge - INFO - [MONGODB_OP] Completed: persist, Collection: file_info, Duration: 96ms
2026-01-02 09:58:51,226 - Knowledge - INFO - [REDIS_OP] Completed: store_embedding, Key: OnlineExamSystem/EditTheory.aspx.designer.cs, Duration: 258ms
2026-01-02 09:58:51,444 - Knowledge - INFO - persist search terms embedding for OnlineExamSystem/EditTheory.aspx.designer.cs
2026-01-02 09:58:51,635 - Knowledge - INFO - process ingested knowledge for /app/data/tataelxsimockapisolutions5451/7216/b03394a/Online-Examination-System-7216/OnlineExamSystem/EditTheory.aspx.designer.cs
2026-01-02 09:58:51,843 - Knowledge - INFO - Found code-base-name: https://github.com/kavia-common/Online-Examination-System-7216.git:kavia-dev
2026-01-02 09:58:52,013 - Knowledge - INFO - Found code_base: <app.utils.kg_build.knowledge.KnowledgeCodeBase object at 0x7fd8d94d6790>
2026-01-02 09:58:52,314 - Knowledge - INFO - Found code-base-name: https://github.com/kavia-common/Online-Examination-System-7216.git:kavia-dev
2026-01-02 09:58:52,467 - Knowledge - INFO - Found code_base: <app.utils.kg_build.knowledge.KnowledgeCodeBase object at 0x7fd8d94d6790>
2026-01-02 09:58:52,616 - Knowledge - INFO - persist ingested knowledge for /app/data/tataelxsimockapisolutions5451/7216/b03394a/Online-Examination-System-7216/OnlineExamSystem/EditExam.aspx.designer.cs
2026-01-02 09:58:52,906 - Knowledge - INFO - [MONGODB_OP] Completed: persist, Collection: file_info, Duration: 94ms
2026-01-02 09:58:53,453 - Knowledge - INFO - [REDIS_OP] Completed: store_embedding, Key: OnlineExamSystem/EditExam.aspx.designer.cs, Duration: 325ms
2026-01-02 09:58:53,673 - Knowledge - INFO - persist search terms embedding for OnlineExamSystem/EditExam.aspx.designer.cs
2026-01-02 09:58:53,827 - Knowledge - INFO - process ingested knowledge for /app/data/tataelxsimockapisolutions5451/7216/b03394a/Online-Examination-System-7216/OnlineExamSystem/EditExam.aspx.designer.cs
2026-01-02 09:58:54,046 - Knowledge - INFO - Found code-base-name: https://github.com/kavia-common/Online-Examination-System-7216.git:kavia-dev
2026-01-02 09:58:54,222 - Knowledge - INFO - Found code_base: <app.utils.kg_build.knowledge.KnowledgeCodeBase object at 0x7fd8d94d6790>
2026-01-02 09:58:54,553 - Knowledge - INFO - Found code-base-name: https://github.com/kavia-common/Online-Examination-System-7216.git:kavia-dev
2026-01-02 09:58:54,709 - Knowledge - INFO - Found code_base: <app.utils.kg_build.knowledge.KnowledgeCodeBase object at 0x7fd8d94d6790>
2026-01-02 09:58:54,892 - Knowledge - INFO - persist ingested knowledge for /app/data/tataelxsimockapisolutions5451/7216/b03394a/Online-Examination-System-7216/OnlineExamSystem/UserProfile.aspx.cs
2026-01-02 09:58:55,156 - Knowledge - INFO - [MONGODB_OP] Completed: persist, Collection: file_info, Duration: 87ms
2026-01-02 09:58:55,633 - Knowledge - INFO - [REDIS_OP] Completed: store_embedding, Key: OnlineExamSystem/UserProfile.aspx.cs, Duration: 291ms
2026-01-02 09:58:55,772 - Knowledge - INFO - persist search terms embedding for OnlineExamSystem/UserProfile.aspx.cs
2026-01-02 09:58:55,935 - Knowledge - INFO - process ingested knowledge for /app/data/tataelxsimockapisolutions5451/7216/b03394a/Online-Examination-System-7216/OnlineExamSystem/UserProfile.aspx.cs
2026-01-02 09:58:56,142 - Knowledge - INFO - Found code-base-name: https://github.com/kavia-common/Online-Examination-System-7216.git:kavia-dev
2026-01-02 09:58:56,337 - Knowledge - INFO - Found code_base: <app.utils.kg_build.knowledge.KnowledgeCodeBase object at 0x7fd8d94d6790>
2026-01-02 09:58:56,599 - Knowledge - INFO - Found code-base-name: https://github.com/kavia-common/Online-Examination-System-7216.git:kavia-dev
2026-01-02 09:58:56,767 - Knowledge - INFO - Found code_base: <app.utils.kg_build.knowledge.KnowledgeCodeBase object at 0x7fd8d94d6790>
2026-01-02 09:58:56,915 - Knowledge - INFO - persist ingested knowledge for /app/data/tataelxsimockapisolutions5451/7216/b03394a/Online-Examination-System-7216/OnlineExamSystem/Dashboard.aspx.cs
2026-01-02 09:58:57,213 - Knowledge - INFO - [MONGODB_OP] Completed: persist, Collection: file_info, Duration: 101ms
2026-01-02 09:58:57,723 - Knowledge - INFO - [REDIS_OP] Completed: store_embedding, Key: OnlineExamSystem/Dashboard.aspx.cs, Duration: 341ms
2026-01-02 09:58:57,918 - Knowledge - INFO - persist search terms embedding for OnlineExamSystem/Dashboard.aspx.cs
2026-01-02 09:58:58,067 - Knowledge - INFO - process ingested knowledge for /app/data/tataelxsimockapisolutions5451/7216/b03394a/Online-Examination-System-7216/OnlineExamSystem/Dashboard.aspx.cs
2026-01-02 09:58:58,206 - Knowledge - INFO - Found code-base-name: https://github.com/kavia-common/Online-Examination-System-7216.git:kavia-dev
2026-01-02 09:58:58,396 - Knowledge - INFO - Found code_base: <app.utils.kg_build.knowledge.KnowledgeCodeBase object at 0x7fd8d94d6790>
2026-01-02 09:58:58,655 - Knowledge - INFO - Found code-base-name: https://github.com/kavia-common/Online-Examination-System-7216.git:kavia-dev
2026-01-02 09:58:58,826 - Knowledge - INFO - Found code_base: <app.utils.kg_build.knowledge.KnowledgeCodeBase object at 0x7fd8d94d6790>
2026-01-02 09:58:58,984 - Knowledge - INFO - persist ingested knowledge for /app/data/tataelxsimockapisolutions5451/7216/b03394a/Online-Examination-System-7216/OnlineExamSystem/StartExam.aspx.designer.cs
2026-01-02 09:58:59,271 - Knowledge - INFO - [MONGODB_OP] Completed: persist, Collection: file_info, Duration: 96ms
2026-01-02 09:58:59,654 - Knowledge - INFO - [REDIS_OP] Completed: store_embedding, Key: OnlineExamSystem/StartExam.aspx.designer.cs, Duration: 188ms
2026-01-02 09:58:59,889 - Knowledge - INFO - persist search terms embedding for OnlineExamSystem/StartExam.aspx.designer.cs
2026-01-02 09:59:00,044 - Knowledge - INFO - process ingested knowledge for /app/data/tataelxsimockapisolutions5451/7216/b03394a/Online-Examination-System-7216/OnlineExamSystem/StartExam.aspx.designer.cs
2026-01-02 09:59:00,243 - Knowledge - INFO - Found code-base-name: https://github.com/kavia-common/Online-Examination-System-7216.git:kavia-dev
2026-01-02 09:59:00,383 - Knowledge - INFO - Found code_base: <app.utils.kg_build.knowledge.KnowledgeCodeBase object at 0x7fd8d94d6790>
2026-01-02 09:59:00,665 - Knowledge - INFO - Found code-base-name: https://github.com/kavia-common/Online-Examination-System-7216.git:kavia-dev
2026-01-02 09:59:00,851 - Knowledge - INFO - Found code_base: <app.utils.kg_build.knowledge.KnowledgeCodeBase object at 0x7fd8d94d6790>
2026-01-02 09:59:01,045 - Knowledge - INFO - persist ingested knowledge for /app/data/tataelxsimockapisolutions5451/7216/b03394a/Online-Examination-System-7216/OnlineExamSystem/AdminPanel.aspx.designer.cs
2026-01-02 09:59:01,298 - Knowledge - INFO - [MONGODB_OP] Completed: persist, Collection: file_info, Duration: 96ms
2026-01-02 09:59:01,708 - Knowledge - INFO - [REDIS_OP] Completed: store_embedding, Key: OnlineExamSystem/AdminPanel.aspx.designer.cs, Duration: 221ms
2026-01-02 09:59:01,869 - Knowledge - INFO - persist search terms embedding for OnlineExamSystem/AdminPanel.aspx.designer.cs
2026-01-02 09:59:02,038 - Knowledge - INFO - process ingested knowledge for /app/data/tataelxsimockapisolutions5451/7216/b03394a/Online-Examination-System-7216/OnlineExamSystem/AdminPanel.aspx.designer.cs
2026-01-02 09:59:02,209 - Knowledge - INFO - Found code-base-name: https://github.com/kavia-common/Online-Examination-System-7216.git:kavia-dev
2026-01-02 09:59:02,418 - Knowledge - INFO - Found code_base: <app.utils.kg_build.knowledge.KnowledgeCodeBase object at 0x7fd8d94d6790>
2026-01-02 09:59:02,682 - Knowledge - INFO - Found code-base-name: https://github.com/kavia-common/Online-Examination-System-7216.git:kavia-dev
2026-01-02 09:59:02,846 - Knowledge - INFO - Found code_base: <app.utils.kg_build.knowledge.KnowledgeCodeBase object at 0x7fd8d94d6790>
2026-01-02 09:59:03,031 - Knowledge - INFO - persist ingested knowledge for /app/data/tataelxsimockapisolutions5451/7216/b03394a/Online-Examination-System-7216/packages/Microsoft.CodeDom.Providers.DotNetCompilerPlatform.1.0.0/lib/net45/Microsoft.CodeDom.Providers.DotNetCompilerPlatform.xml
2026-01-02 09:59:03,322 - Knowledge - INFO - [MONGODB_OP] Completed: persist, Collection: file_info, Duration: 102ms
2026-01-02 09:59:03,738 - Knowledge - INFO - [REDIS_OP] Completed: store_embedding, Key: packages/Microsoft.CodeDom.Providers.DotNetCompilerPlatform.1.0.0/lib/net45/Microsoft.CodeDom.Providers.DotNetCompilerPlatform.xml, Duration: 217ms
2026-01-02 09:59:03,902 - Knowledge - INFO - persist search terms embedding for packages/Microsoft.CodeDom.Providers.DotNetCompilerPlatform.1.0.0/lib/net45/Microsoft.CodeDom.Providers.DotNetCompilerPlatform.xml
2026-01-02 09:59:04,141 - Knowledge - INFO - process ingested knowledge for /app/data/tataelxsimockapisolutions5451/7216/b03394a/Online-Examination-System-7216/packages/Microsoft.CodeDom.Providers.DotNetCompilerPlatform.1.0.0/lib/net45/Microsoft.CodeDom.Providers.DotNetCompilerPlatform.xml
2026-01-02 09:59:04,301 - Knowledge - INFO - Found code-base-name: https://github.com/kavia-common/Online-Examination-System-7216.git:kavia-dev
2026-01-02 09:59:04,464 - Knowledge - INFO - Found code_base: <app.utils.kg_build.knowledge.KnowledgeCodeBase object at 0x7fd8d94d6790>
2026-01-02 09:59:04,719 - Knowledge - INFO - Found code-base-name: https://github.com/kavia-common/Online-Examination-System-7216.git:kavia-dev
2026-01-02 09:59:04,880 - Knowledge - INFO - Found code_base: <app.utils.kg_build.knowledge.KnowledgeCodeBase object at 0x7fd8d94d6790>
2026-01-02 09:59:05,063 - Knowledge - INFO - persist ingested knowledge for /app/data/tataelxsimockapisolutions5451/7216/b03394a/Online-Examination-System-7216/OnlineExamSystem/Leaderboard.aspx.designer.cs
2026-01-02 09:59:05,355 - Knowledge - INFO - [MONGODB_OP] Completed: persist, Collection: file_info, Duration: 99ms
2026-01-02 09:59:05,743 - Knowledge - INFO - [REDIS_OP] Completed: store_embedding, Key: OnlineExamSystem/Leaderboard.aspx.designer.cs, Duration: 195ms
2026-01-02 09:59:05,892 - Knowledge - INFO - persist search terms embedding for OnlineExamSystem/Leaderboard.aspx.designer.cs
2026-01-02 09:59:06,037 - Knowledge - INFO - process ingested knowledge for /app/data/tataelxsimockapisolutions5451/7216/b03394a/Online-Examination-System-7216/OnlineExamSystem/Leaderboard.aspx.designer.cs
2026-01-02 09:59:06,217 - Knowledge - INFO - Found code-base-name: https://github.com/kavia-common/Online-Examination-System-7216.git:kavia-dev
2026-01-02 09:59:06,417 - Knowledge - INFO - Found code_base: <app.utils.kg_build.knowledge.KnowledgeCodeBase object at 0x7fd8d94d6790>
2026-01-02 09:59:06,687 - Knowledge - INFO - Found code-base-name: https://github.com/kavia-common/Online-Examination-System-7216.git:kavia-dev
2026-01-02 09:59:06,898 - Knowledge - INFO - Found code_base: <app.utils.kg_build.knowledge.KnowledgeCodeBase object at 0x7fd8d94d6790>
2026-01-02 09:59:07,137 - Knowledge - INFO - persist ingested knowledge for /app/data/tataelxsimockapisolutions5451/7216/b03394a/Online-Examination-System-7216/OnlineExamSystem/MCQSet.aspx.designer.cs
2026-01-02 09:59:07,416 - Knowledge - INFO - [MONGODB_OP] Completed: persist, Collection: file_info, Duration: 96ms
2026-01-02 09:59:07,804 - Knowledge - INFO - [REDIS_OP] Completed: store_embedding, Key: OnlineExamSystem/MCQSet.aspx.designer.cs, Duration: 197ms
2026-01-02 09:59:07,989 - Knowledge - INFO - persist search terms embedding for OnlineExamSystem/MCQSet.aspx.designer.cs
2026-01-02 09:59:08,158 - Knowledge - INFO - process ingested knowledge for /app/data/tataelxsimockapisolutions5451/7216/b03394a/Online-Examination-System-7216/OnlineExamSystem/MCQSet.aspx.designer.cs
2026-01-02 09:59:08,350 - Knowledge - INFO - Found code-base-name: https://github.com/kavia-common/Online-Examination-System-7216.git:kavia-dev
2026-01-02 09:59:08,542 - Knowledge - INFO - Found code_base: <app.utils.kg_build.knowledge.KnowledgeCodeBase object at 0x7fd8d94d6790>
2026-01-02 09:59:08,820 - Knowledge - INFO - Found code-base-name: https://github.com/kavia-common/Online-Examination-System-7216.git:kavia-dev
2026-01-02 09:59:08,970 - Knowledge - INFO - Found code_base: <app.utils.kg_build.knowledge.KnowledgeCodeBase object at 0x7fd8d94d6790>
2026-01-02 09:59:09,156 - Knowledge - INFO - persist ingested knowledge for /app/data/tataelxsimockapisolutions5451/7216/b03394a/Online-Examination-System-7216/OnlineExamSystem/MCQExam.aspx.cs
2026-01-02 09:59:09,425 - Knowledge - INFO - [MONGODB_OP] Completed: persist, Collection: file_info, Duration: 103ms
2026-01-02 09:59:09,872 - Knowledge - INFO - [REDIS_OP] Completed: store_embedding, Key: OnlineExamSystem/MCQExam.aspx.cs, Duration: 301ms
2026-01-02 09:59:10,048 - Knowledge - INFO - persist search terms embedding for OnlineExamSystem/MCQExam.aspx.cs
2026-01-02 09:59:10,223 - Knowledge - INFO - process ingested knowledge for /app/data/tataelxsimockapisolutions5451/7216/b03394a/Online-Examination-System-7216/OnlineExamSystem/MCQExam.aspx.cs
2026-01-02 09:59:10,384 - Knowledge - INFO - Found code-base-name: https://github.com/kavia-common/Online-Examination-System-7216.git:kavia-dev
2026-01-02 09:59:10,554 - Knowledge - INFO - Found code_base: <app.utils.kg_build.knowledge.KnowledgeCodeBase object at 0x7fd8d94d6790>
2026-01-02 09:59:10,834 - Knowledge - INFO - Found code-base-name: https://github.com/kavia-common/Online-Examination-System-7216.git:kavia-dev
2026-01-02 09:59:11,026 - Knowledge - INFO - Found code_base: <app.utils.kg_build.knowledge.KnowledgeCodeBase object at 0x7fd8d94d6790>
2026-01-02 09:59:11,241 - Knowledge - INFO - persist ingested knowledge for /app/data/tataelxsimockapisolutions5451/7216/b03394a/Online-Examination-System-7216/OnlineExamSystem/AdminCourseQueue.aspx.cs
2026-01-02 09:59:11,530 - Knowledge - INFO - [MONGODB_OP] Completed: persist, Collection: file_info, Duration: 102ms
2026-01-02 09:59:11,935 - Knowledge - INFO - [REDIS_OP] Completed: store_embedding, Key: OnlineExamSystem/AdminCourseQueue.aspx.cs, Duration: 215ms
2026-01-02 09:59:12,152 - Knowledge - INFO - persist search terms embedding for OnlineExamSystem/AdminCourseQueue.aspx.cs
2026-01-02 09:59:12,328 - Knowledge - INFO - process ingested knowledge for /app/data/tataelxsimockapisolutions5451/7216/b03394a/Online-Examination-System-7216/OnlineExamSystem/AdminCourseQueue.aspx.cs
2026-01-02 09:59:12,522 - Knowledge - INFO - Found code-base-name: https://github.com/kavia-common/Online-Examination-System-7216.git:kavia-dev
2026-01-02 09:59:12,743 - Knowledge - INFO - Found code_base: <app.utils.kg_build.knowledge.KnowledgeCodeBase object at 0x7fd8d94d6790>
2026-01-02 09:59:12,975 - Knowledge - INFO - Found code-base-name: https://github.com/kavia-common/Online-Examination-System-7216.git:kavia-dev
2026-01-02 09:59:13,160 - Knowledge - INFO - Found code_base: <app.utils.kg_build.knowledge.KnowledgeCodeBase object at 0x7fd8d94d6790>
2026-01-02 09:59:13,318 - Knowledge - INFO - persist ingested knowledge for /app/data/tataelxsimockapisolutions5451/7216/b03394a/Online-Examination-System-7216/OnlineExamSystem/CSS/bootstrap.css
2026-01-02 09:59:13,563 - Knowledge - INFO - [MONGODB_OP] Completed: persist, Collection: file_info, Duration: 99ms
2026-01-02 09:59:14,044 - Knowledge - INFO - [REDIS_OP] Completed: store_embedding, Key: OnlineExamSystem/CSS/bootstrap.css, Duration: 270ms
2026-01-02 09:59:14,218 - Knowledge - INFO - persist search terms embedding for OnlineExamSystem/CSS/bootstrap.css
2026-01-02 09:59:14,393 - Knowledge - INFO - process ingested knowledge for /app/data/tataelxsimockapisolutions5451/7216/b03394a/Online-Examination-System-7216/OnlineExamSystem/CSS/bootstrap.css
2026-01-02 09:59:14,620 - Knowledge - INFO - Found code-base-name: https://github.com/kavia-common/Online-Examination-System-7216.git:kavia-dev
2026-01-02 09:59:14,816 - Knowledge - INFO - Found code_base: <app.utils.kg_build.knowledge.KnowledgeCodeBase object at 0x7fd8d94d6790>
2026-01-02 09:59:15,094 - Knowledge - INFO - Found code-base-name: https://github.com/kavia-common/Online-Examination-System-7216.git:kavia-dev
2026-01-02 09:59:15,251 - Knowledge - INFO - Found code_base: <app.utils.kg_build.knowledge.KnowledgeCodeBase object at 0x7fd8d94d6790>
2026-01-02 09:59:15,440 - Knowledge - INFO - persist ingested knowledge for /app/data/tataelxsimockapisolutions5451/7216/b03394a/Online-Examination-System-7216/OnlineExamSystem/UserProfile.aspx.designer.cs
2026-01-02 09:59:15,714 - Knowledge - INFO - [MONGODB_OP] Completed: persist, Collection: file_info, Duration: 107ms
2026-01-02 09:59:16,111 - Knowledge - INFO - [REDIS_OP] Completed: store_embedding, Key: OnlineExamSystem/UserProfile.aspx.designer.cs, Duration: 249ms
2026-01-02 09:59:16,296 - Knowledge - INFO - persist search terms embedding for OnlineExamSystem/UserProfile.aspx.designer.cs
2026-01-02 09:59:16,494 - Knowledge - INFO - process ingested knowledge for /app/data/tataelxsimockapisolutions5451/7216/b03394a/Online-Examination-System-7216/OnlineExamSystem/UserProfile.aspx.designer.cs
2026-01-02 09:59:16,696 - Knowledge - INFO - Found code-base-name: https://github.com/kavia-common/Online-Examination-System-7216.git:kavia-dev
2026-01-02 09:59:16,866 - Knowledge - INFO - Found code_base: <app.utils.kg_build.knowledge.KnowledgeCodeBase object at 0x7fd8d94d6790>
2026-01-02 09:59:17,090 - Knowledge - INFO - Found code-base-name: https://github.com/kavia-common/Online-Examination-System-7216.git:kavia-dev
2026-01-02 09:59:17,287 - Knowledge - INFO - Found code_base: <app.utils.kg_build.knowledge.KnowledgeCodeBase object at 0x7fd8d94d6790>
2026-01-02 09:59:17,482 - Knowledge - INFO - persist ingested knowledge for /app/data/tataelxsimockapisolutions5451/7216/b03394a/Online-Examination-System-7216/OnlineExamSystem/Dashboard.aspx.designer.cs
2026-01-02 09:59:17,749 - Knowledge - INFO - [MONGODB_OP] Completed: persist, Collection: file_info, Duration: 103ms
2026-01-02 09:59:18,261 - Knowledge - INFO - [REDIS_OP] Completed: store_embedding, Key: OnlineExamSystem/Dashboard.aspx.designer.cs, Duration: 344ms
2026-01-02 09:59:18,482 - Knowledge - INFO - persist search terms embedding for OnlineExamSystem/Dashboard.aspx.designer.cs
2026-01-02 09:59:18,691 - Knowledge - INFO - process ingested knowledge for /app/data/tataelxsimockapisolutions5451/7216/b03394a/Online-Examination-System-7216/OnlineExamSystem/Dashboard.aspx.designer.cs
2026-01-02 09:59:18,856 - Knowledge - INFO - Found code-base-name: https://github.com/kavia-common/Online-Examination-System-7216.git:kavia-dev
2026-01-02 09:59:19,036 - Knowledge - INFO - Found code_base: <app.utils.kg_build.knowledge.KnowledgeCodeBase object at 0x7fd8d94d6790>
2026-01-02 09:59:19,284 - Knowledge - INFO - Found code-base-name: https://github.com/kavia-common/Online-Examination-System-7216.git:kavia-dev
2026-01-02 09:59:19,450 - Knowledge - INFO - Found code_base: <app.utils.kg_build.knowledge.KnowledgeCodeBase object at 0x7fd8d94d6790>
2026-01-02 09:59:19,646 - Knowledge - INFO - persist ingested knowledge for /app/data/tataelxsimockapisolutions5451/7216/b03394a/Online-Examination-System-7216/OnlineExamSystem/TakenCourses.aspx.cs
2026-01-02 09:59:19,925 - Knowledge - INFO - [MONGODB_OP] Completed: persist, Collection: file_info, Duration: 103ms
2026-01-02 09:59:20,325 - Knowledge - INFO - [REDIS_OP] Completed: store_embedding, Key: OnlineExamSystem/TakenCourses.aspx.cs, Duration: 255ms
2026-01-02 09:59:20,522 - Knowledge - INFO - persist search terms embedding for OnlineExamSystem/TakenCourses.aspx.cs
2026-01-02 09:59:20,759 - Knowledge - INFO - process ingested knowledge for /app/data/tataelxsimockapisolutions5451/7216/b03394a/Online-Examination-System-7216/OnlineExamSystem/TakenCourses.aspx.cs
2026-01-02 09:59:20,955 - Knowledge - INFO - Found code-base-name: https://github.com/kavia-common/Online-Examination-System-7216.git:kavia-dev
2026-01-02 09:59:21,162 - Knowledge - INFO - Found code_base: <app.utils.kg_build.knowledge.KnowledgeCodeBase object at 0x7fd8d94d6790>
2026-01-02 09:59:21,427 - Knowledge - INFO - Found code-base-name: https://github.com/kavia-common/Online-Examination-System-7216.git:kavia-dev
2026-01-02 09:59:21,583 - Knowledge - INFO - Found code_base: <app.utils.kg_build.knowledge.KnowledgeCodeBase object at 0x7fd8d94d6790>
2026-01-02 09:59:21,755 - Knowledge - INFO - persist ingested knowledge for /app/data/tataelxsimockapisolutions5451/7216/b03394a/Online-Examination-System-7216/OnlineExamSystem/SetExam.aspx.cs
2026-01-02 09:59:22,011 - Knowledge - INFO - [MONGODB_OP] Completed: persist, Collection: file_info, Duration: 99ms
2026-01-02 09:59:22,488 - Knowledge - INFO - [REDIS_OP] Completed: store_embedding, Key: OnlineExamSystem/SetExam.aspx.cs, Duration: 324ms
2026-01-02 09:59:22,717 - Knowledge - INFO - persist search terms embedding for OnlineExamSystem/SetExam.aspx.cs
2026-01-02 09:59:22,903 - Knowledge - INFO - process ingested knowledge for /app/data/tataelxsimockapisolutions5451/7216/b03394a/Online-Examination-System-7216/OnlineExamSystem/SetExam.aspx.cs
2026-01-02 09:59:23,086 - Knowledge - INFO - Found code-base-name: https://github.com/kavia-common/Online-Examination-System-7216.git:kavia-dev
2026-01-02 09:59:23,298 - Knowledge - INFO - Found code_base: <app.utils.kg_build.knowledge.KnowledgeCodeBase object at 0x7fd8d94d6790>
2026-01-02 09:59:23,546 - Knowledge - INFO - Found code-base-name: https://github.com/kavia-common/Online-Examination-System-7216.git:kavia-dev
2026-01-02 09:59:23,733 - Knowledge - INFO - Found code_base: <app.utils.kg_build.knowledge.KnowledgeCodeBase object at 0x7fd8d94d6790>
2026-01-02 09:59:23,916 - Knowledge - INFO - persist ingested knowledge for /app/data/tataelxsimockapisolutions5451/7216/b03394a/Online-Examination-System-7216/OnlineExamSystem/EditMCQ.aspx.cs
2026-01-02 09:59:24,218 - Knowledge - INFO - [MONGODB_OP] Completed: persist, Collection: file_info, Duration: 104ms
2026-01-02 09:59:24,652 - Knowledge - INFO - [REDIS_OP] Completed: store_embedding, Key: OnlineExamSystem/EditMCQ.aspx.cs, Duration: 237ms
2026-01-02 09:59:24,834 - Knowledge - INFO - persist search terms embedding for OnlineExamSystem/EditMCQ.aspx.cs
2026-01-02 09:59:25,008 - Knowledge - INFO - process ingested knowledge for /app/data/tataelxsimockapisolutions5451/7216/b03394a/Online-Examination-System-7216/OnlineExamSystem/EditMCQ.aspx.cs
2026-01-02 09:59:25,177 - Knowledge - INFO - Found code-base-name: https://github.com/kavia-common/Online-Examination-System-7216.git:kavia-dev
2026-01-02 09:59:25,372 - Knowledge - INFO - Found code_base: <app.utils.kg_build.knowledge.KnowledgeCodeBase object at 0x7fd8d94d6790>
2026-01-02 09:59:25,624 - Knowledge - INFO - Found code-base-name: https://github.com/kavia-common/Online-Examination-System-7216.git:kavia-dev
2026-01-02 09:59:25,806 - Knowledge - INFO - Found code_base: <app.utils.kg_build.knowledge.KnowledgeCodeBase object at 0x7fd8d94d6790>
2026-01-02 09:59:25,991 - Knowledge - INFO - persist ingested knowledge for /app/data/tataelxsimockapisolutions5451/7216/b03394a/Online-Examination-System-7216/OnlineExamSystem/TheorySet.aspx.cs
2026-01-02 09:59:26,309 - Knowledge - INFO - [MONGODB_OP] Completed: persist, Collection: file_info, Duration: 119ms
2026-01-02 09:59:26,727 - Knowledge - INFO - [REDIS_OP] Completed: store_embedding, Key: OnlineExamSystem/TheorySet.aspx.cs, Duration: 229ms
2026-01-02 09:59:26,917 - Knowledge - INFO - persist search terms embedding for OnlineExamSystem/TheorySet.aspx.cs
2026-01-02 09:59:27,063 - Knowledge - INFO - process ingested knowledge for /app/data/tataelxsimockapisolutions5451/7216/b03394a/Online-Examination-System-7216/OnlineExamSystem/TheorySet.aspx.cs
2026-01-02 09:59:27,240 - Knowledge - INFO - Found code-base-name: https://github.com/kavia-common/Online-Examination-System-7216.git:kavia-dev
2026-01-02 09:59:27,389 - Knowledge - INFO - Found code_base: <app.utils.kg_build.knowledge.KnowledgeCodeBase object at 0x7fd8d94d6790>
2026-01-02 09:59:27,659 - Knowledge - INFO - Found code-base-name: https://github.com/kavia-common/Online-Examination-System-7216.git:kavia-dev
2026-01-02 09:59:27,855 - Knowledge - INFO - Found code_base: <app.utils.kg_build.knowledge.KnowledgeCodeBase object at 0x7fd8d94d6790>
2026-01-02 09:59:28,023 - Knowledge - INFO - persist ingested knowledge for /app/data/tataelxsimockapisolutions5451/7216/b03394a/Online-Examination-System-7216/OnlineExamSystem/ShowAns.aspx.cs
2026-01-02 09:59:28,302 - Knowledge - INFO - [MONGODB_OP] Completed: persist, Collection: file_info, Duration: 102ms
2026-01-02 09:59:28,934 - Knowledge - INFO - [REDIS_OP] Completed: store_embedding, Key: OnlineExamSystem/ShowAns.aspx.cs, Duration: 472ms
2026-01-02 09:59:29,116 - Knowledge - INFO - persist search terms embedding for OnlineExamSystem/ShowAns.aspx.cs
2026-01-02 09:59:29,309 - Knowledge - INFO - process ingested knowledge for /app/data/tataelxsimockapisolutions5451/7216/b03394a/Online-Examination-System-7216/OnlineExamSystem/ShowAns.aspx.cs
2026-01-02 09:59:29,508 - Knowledge - INFO - Found code-base-name: https://github.com/kavia-common/Online-Examination-System-7216.git:kavia-dev
2026-01-02 09:59:29,679 - Knowledge - INFO - Found code_base: <app.utils.kg_build.knowledge.KnowledgeCodeBase object at 0x7fd8d94d6790>
2026-01-02 09:59:29,906 - Knowledge - INFO - Found code-base-name: https://github.com/kavia-common/Online-Examination-System-7216.git:kavia-dev
2026-01-02 09:59:30,088 - Knowledge - INFO - Found code_base: <app.utils.kg_build.knowledge.KnowledgeCodeBase object at 0x7fd8d94d6790>
2026-01-02 09:59:30,241 - Knowledge - INFO - persist ingested knowledge for /app/data/tataelxsimockapisolutions5451/7216/b03394a/Online-Examination-System-7216/OnlineExamSystem/SignUpPage.aspx.cs
2026-01-02 09:59:30,525 - Knowledge - INFO - [MONGODB_OP] Completed: persist, Collection: file_info, Duration: 105ms
2026-01-02 09:59:31,298 - Knowledge - INFO - [REDIS_OP] Completed: store_embedding, Key: OnlineExamSystem/SignUpPage.aspx.cs, Duration: 550ms
2026-01-02 09:59:31,504 - Knowledge - INFO - persist search terms embedding for OnlineExamSystem/SignUpPage.aspx.cs
2026-01-02 09:59:31,664 - Knowledge - INFO - process ingested knowledge for /app/data/tataelxsimockapisolutions5451/7216/b03394a/Online-Examination-System-7216/OnlineExamSystem/SignUpPage.aspx.cs
2026-01-02 09:59:31,832 - Knowledge - INFO - Found code-base-name: https://github.com/kavia-common/Online-Examination-System-7216.git:kavia-dev
2026-01-02 09:59:31,993 - Knowledge - INFO - Found code_base: <app.utils.kg_build.knowledge.KnowledgeCodeBase object at 0x7fd8d94d6790>
2026-01-02 09:59:32,245 - Knowledge - INFO - Found code-base-name: https://github.com/kavia-common/Online-Examination-System-7216.git:kavia-dev
2026-01-02 09:59:32,443 - Knowledge - INFO - Found code_base: <app.utils.kg_build.knowledge.KnowledgeCodeBase object at 0x7fd8d94d6790>
2026-01-02 09:59:32,649 - Knowledge - INFO - persist ingested knowledge for /app/data/tataelxsimockapisolutions5451/7216/b03394a/Online-Examination-System-7216/README.md
2026-01-02 09:59:32,913 - Knowledge - INFO - [MONGODB_OP] Completed: persist, Collection: file_info, Duration: 101ms
2026-01-02 09:59:33,362 - Knowledge - INFO - [REDIS_OP] Completed: store_embedding, Key: README.md, Duration: 304ms
2026-01-02 09:59:33,500 - Knowledge - INFO - persist search terms embedding for README.md
2026-01-02 09:59:33,664 - Knowledge - INFO - process ingested knowledge for /app/data/tataelxsimockapisolutions5451/7216/b03394a/Online-Examination-System-7216/README.md
2026-01-02 09:59:33,842 - Knowledge - INFO - Found code-base-name: https://github.com/kavia-common/Online-Examination-System-7216.git:kavia-dev
2026-01-02 09:59:34,008 - Knowledge - INFO - Found code_base: <app.utils.kg_build.knowledge.KnowledgeCodeBase object at 0x7fd8d94d6790>
2026-01-02 09:59:34,290 - Knowledge - INFO - Found code-base-name: https://github.com/kavia-common/Online-Examination-System-7216.git:kavia-dev
2026-01-02 09:59:34,479 - Knowledge - INFO - Found code_base: <app.utils.kg_build.knowledge.KnowledgeCodeBase object at 0x7fd8d94d6790>
2026-01-02 09:59:34,673 - Knowledge - INFO - persist ingested knowledge for /app/data/tataelxsimockapisolutions5451/7216/b03394a/Online-Examination-System-7216/OnlineExamSystem/MCQExam.aspx.designer.cs
2026-01-02 09:59:34,932 - Knowledge - INFO - [MONGODB_OP] Completed: persist, Collection: file_info, Duration: 100ms
2026-01-02 09:59:35,404 - Knowledge - INFO - [REDIS_OP] Completed: store_embedding, Key: OnlineExamSystem/MCQExam.aspx.designer.cs, Duration: 263ms
2026-01-02 09:59:35,585 - Knowledge - INFO - persist search terms embedding for OnlineExamSystem/MCQExam.aspx.designer.cs
2026-01-02 09:59:35,795 - Knowledge - INFO - process ingested knowledge for /app/data/tataelxsimockapisolutions5451/7216/b03394a/Online-Examination-System-7216/OnlineExamSystem/MCQExam.aspx.designer.cs
2026-01-02 09:59:35,965 - Knowledge - INFO - Found code-base-name: https://github.com/kavia-common/Online-Examination-System-7216.git:kavia-dev
2026-01-02 09:59:36,142 - Knowledge - INFO - Found code_base: <app.utils.kg_build.knowledge.KnowledgeCodeBase object at 0x7fd8d94d6790>
2026-01-02 09:59:36,391 - Knowledge - INFO - Found code-base-name: https://github.com/kavia-common/Online-Examination-System-7216.git:kavia-dev
2026-01-02 09:59:36,559 - Knowledge - INFO - Found code_base: <app.utils.kg_build.knowledge.KnowledgeCodeBase object at 0x7fd8d94d6790>
2026-01-02 09:59:36,708 - Knowledge - INFO - persist ingested knowledge for /app/data/tataelxsimockapisolutions5451/7216/b03394a/Online-Examination-System-7216/database-script/README.md
2026-01-02 09:59:37,019 - Knowledge - INFO - [MONGODB_OP] Completed: persist, Collection: file_info, Duration: 118ms
2026-01-02 09:59:37,498 - Knowledge - INFO - [REDIS_OP] Completed: store_embedding, Key: database-script/README.md, Duration: 296ms
2026-01-02 09:59:37,670 - Knowledge - INFO - persist search terms embedding for database-script/README.md
2026-01-02 09:59:37,847 - Knowledge - INFO - process ingested knowledge for /app/data/tataelxsimockapisolutions5451/7216/b03394a/Online-Examination-System-7216/database-script/README.md
2026-01-02 09:59:38,017 - Knowledge - INFO - Found code-base-name: https://github.com/kavia-common/Online-Examination-System-7216.git:kavia-dev
2026-01-02 09:59:38,178 - Knowledge - INFO - Found code_base: <app.utils.kg_build.knowledge.KnowledgeCodeBase object at 0x7fd8d94d6790>
2026-01-02 09:59:38,453 - Knowledge - INFO - Found code-base-name: https://github.com/kavia-common/Online-Examination-System-7216.git:kavia-dev
2026-01-02 09:59:38,624 - Knowledge - INFO - Found code_base: <app.utils.kg_build.knowledge.KnowledgeCodeBase object at 0x7fd8d94d6790>
2026-01-02 09:59:38,802 - Knowledge - INFO - persist ingested knowledge for /app/data/tataelxsimockapisolutions5451/7216/b03394a/Online-Examination-System-7216/OnlineExamSystem/DownloadPdf.aspx.designer.cs
2026-01-02 09:59:39,081 - Knowledge - INFO - [MONGODB_OP] Completed: persist, Collection: file_info, Duration: 104ms
2026-01-02 09:59:39,506 - Knowledge - INFO - [REDIS_OP] Completed: store_embedding, Key: OnlineExamSystem/DownloadPdf.aspx.designer.cs, Duration: 219ms
2026-01-02 09:59:39,679 - Knowledge - INFO - persist search terms embedding for OnlineExamSystem/DownloadPdf.aspx.designer.cs
2026-01-02 09:59:39,870 - Knowledge - INFO - process ingested knowledge for /app/data/tataelxsimockapisolutions5451/7216/b03394a/Online-Examination-System-7216/OnlineExamSystem/DownloadPdf.aspx.designer.cs
2026-01-02 09:59:40,086 - Knowledge - INFO - Found code-base-name: https://github.com/kavia-common/Online-Examination-System-7216.git:kavia-dev
2026-01-02 09:59:40,250 - Knowledge - INFO - Found code_base: <app.utils.kg_build.knowledge.KnowledgeCodeBase object at 0x7fd8d94d6790>
2026-01-02 09:59:40,484 - Knowledge - INFO - Found code-base-name: https://github.com/kavia-common/Online-Examination-System-7216.git:kavia-dev
2026-01-02 09:59:40,699 - Knowledge - INFO - Found code_base: <app.utils.kg_build.knowledge.KnowledgeCodeBase object at 0x7fd8d94d6790>
2026-01-02 09:59:40,855 - Knowledge - INFO - persist ingested knowledge for /app/data/tataelxsimockapisolutions5451/7216/b03394a/Online-Examination-System-7216/OnlineExamSystem/EditExam.aspx.cs
2026-01-02 09:59:41,140 - Knowledge - INFO - [MONGODB_OP] Completed: persist, Collection: file_info, Duration: 98ms
2026-01-02 09:59:41,634 - Knowledge - INFO - [REDIS_OP] Completed: store_embedding, Key: OnlineExamSystem/EditExam.aspx.cs, Duration: 287ms
2026-01-02 09:59:41,788 - Knowledge - INFO - persist search terms embedding for OnlineExamSystem/EditExam.aspx.cs
2026-01-02 09:59:41,939 - Knowledge - INFO - process ingested knowledge for /app/data/tataelxsimockapisolutions5451/7216/b03394a/Online-Examination-System-7216/OnlineExamSystem/EditExam.aspx.cs
2026-01-02 09:59:42,118 - Knowledge - INFO - Found code-base-name: https://github.com/kavia-common/Online-Examination-System-7216.git:kavia-dev
2026-01-02 09:59:42,306 - Knowledge - INFO - Found code_base: <app.utils.kg_build.knowledge.KnowledgeCodeBase object at 0x7fd8d94d6790>
2026-01-02 09:59:42,574 - Knowledge - INFO - Found code-base-name: https://github.com/kavia-common/Online-Examination-System-7216.git:kavia-dev
2026-01-02 09:59:42,757 - Knowledge - INFO - Found code_base: <app.utils.kg_build.knowledge.KnowledgeCodeBase object at 0x7fd8d94d6790>
2026-01-02 09:59:42,920 - Knowledge - INFO - persist ingested knowledge for /app/data/tataelxsimockapisolutions5451/7216/b03394a/Online-Examination-System-7216/OnlineExamSystem/EditTheory.aspx.cs
2026-01-02 09:59:43,193 - Knowledge - INFO - [MONGODB_OP] Completed: persist, Collection: file_info, Duration: 109ms
2026-01-02 09:59:43,580 - Knowledge - INFO - [REDIS_OP] Completed: store_embedding, Key: OnlineExamSystem/EditTheory.aspx.cs, Duration: 201ms
2026-01-02 09:59:43,749 - Knowledge - INFO - persist search terms embedding for OnlineExamSystem/EditTheory.aspx.cs
2026-01-02 09:59:43,921 - Knowledge - INFO - process ingested knowledge for /app/data/tataelxsimockapisolutions5451/7216/b03394a/Online-Examination-System-7216/OnlineExamSystem/EditTheory.aspx.cs
2026-01-02 09:59:44,087 - Knowledge - INFO - Found code-base-name: https://github.com/kavia-common/Online-Examination-System-7216.git:kavia-dev
2026-01-02 09:59:44,266 - Knowledge - INFO - Found code_base: <app.utils.kg_build.knowledge.KnowledgeCodeBase object at 0x7fd8d94d6790>
2026-01-02 09:59:44,578 - Knowledge - INFO - Found code-base-name: https://github.com/kavia-common/Online-Examination-System-7216.git:kavia-dev
2026-01-02 09:59:44,788 - Knowledge - INFO - Found code_base: <app.utils.kg_build.knowledge.KnowledgeCodeBase object at 0x7fd8d94d6790>
2026-01-02 09:59:44,953 - Knowledge - INFO - persist ingested knowledge for /app/data/tataelxsimockapisolutions5451/7216/b03394a/Online-Examination-System-7216/OnlineExamSystem/StartExam.aspx.cs
2026-01-02 09:59:45,254 - Knowledge - INFO - [MONGODB_OP] Completed: persist, Collection: file_info, Duration: 114ms
2026-01-02 09:59:45,668 - Knowledge - INFO - [REDIS_OP] Completed: store_embedding, Key: OnlineExamSystem/StartExam.aspx.cs, Duration: 205ms
2026-01-02 09:59:45,811 - Knowledge - INFO - persist search terms embedding for OnlineExamSystem/StartExam.aspx.cs
2026-01-02 09:59:46,015 - Knowledge - INFO - process ingested knowledge for /app/data/tataelxsimockapisolutions5451/7216/b03394a/Online-Examination-System-7216/OnlineExamSystem/StartExam.aspx.cs
2026-01-02 09:59:46,234 - Knowledge - INFO - Found code-base-name: https://github.com/kavia-common/Online-Examination-System-7216.git:kavia-dev
2026-01-02 09:59:46,408 - Knowledge - INFO - Found code_base: <app.utils.kg_build.knowledge.KnowledgeCodeBase object at 0x7fd8d94d6790>
2026-01-02 09:59:46,675 - Knowledge - INFO - Found code-base-name: https://github.com/kavia-common/Online-Examination-System-7216.git:kavia-dev
2026-01-02 09:59:46,855 - Knowledge - INFO - Found code_base: <app.utils.kg_build.knowledge.KnowledgeCodeBase object at 0x7fd8d94d6790>
2026-01-02 09:59:47,052 - Knowledge - INFO - persist ingested knowledge for /app/data/tataelxsimockapisolutions5451/7216/b03394a/Online-Examination-System-7216/OnlineExamSystem/AdminPanel.aspx.cs
2026-01-02 09:59:47,303 - Knowledge - INFO - [MONGODB_OP] Completed: persist, Collection: file_info, Duration: 104ms
2026-01-02 09:59:47,746 - Knowledge - INFO - [REDIS_OP] Completed: store_embedding, Key: OnlineExamSystem/AdminPanel.aspx.cs, Duration: 281ms
2026-01-02 09:59:47,932 - Knowledge - INFO - persist search terms embedding for OnlineExamSystem/AdminPanel.aspx.cs
2026-01-02 09:59:48,175 - Knowledge - INFO - process ingested knowledge for /app/data/tataelxsimockapisolutions5451/7216/b03394a/Online-Examination-System-7216/OnlineExamSystem/AdminPanel.aspx.cs
2026-01-02 09:59:48,377 - Knowledge - INFO - Found code-base-name: https://github.com/kavia-common/Online-Examination-System-7216.git:kavia-dev
2026-01-02 09:59:48,596 - Knowledge - INFO - Found code_base: <app.utils.kg_build.knowledge.KnowledgeCodeBase object at 0x7fd8d94d6790>
2026-01-02 09:59:48,891 - Knowledge - INFO - Found code-base-name: https://github.com/kavia-common/Online-Examination-System-7216.git:kavia-dev
2026-01-02 09:59:49,088 - Knowledge - INFO - Found code_base: <app.utils.kg_build.knowledge.KnowledgeCodeBase object at 0x7fd8d94d6790>
2026-01-02 09:59:49,281 - Knowledge - INFO - persist ingested knowledge for /app/data/tataelxsimockapisolutions5451/7216/b03394a/Online-Examination-System-7216/OnlineExamSystem/ExamResult.aspx.designer.cs
2026-01-02 09:59:49,609 - Knowledge - INFO - [MONGODB_OP] Completed: persist, Collection: file_info, Duration: 94ms
2026-01-02 09:59:49,998 - Knowledge - INFO - [REDIS_OP] Completed: store_embedding, Key: OnlineExamSystem/ExamResult.aspx.designer.cs, Duration: 196ms
2026-01-02 09:59:50,176 - Knowledge - INFO - persist search terms embedding for OnlineExamSystem/ExamResult.aspx.designer.cs
2026-01-02 09:59:50,377 - Knowledge - INFO - process ingested knowledge for /app/data/tataelxsimockapisolutions5451/7216/b03394a/Online-Examination-System-7216/OnlineExamSystem/ExamResult.aspx.designer.cs
2026-01-02 09:59:50,595 - Knowledge - INFO - Found code-base-name: https://github.com/kavia-common/Online-Examination-System-7216.git:kavia-dev
2026-01-02 09:59:50,732 - Knowledge - INFO - Found code_base: <app.utils.kg_build.knowledge.KnowledgeCodeBase object at 0x7fd8d94d6790>
2026-01-02 09:59:50,994 - Knowledge - INFO - Found code-base-name: https://github.com/kavia-common/Online-Examination-System-7216.git:kavia-dev
2026-01-02 09:59:51,185 - Knowledge - INFO - Found code_base: <app.utils.kg_build.knowledge.KnowledgeCodeBase object at 0x7fd8d94d6790>
2026-01-02 09:59:51,369 - Knowledge - INFO - persist ingested knowledge for /app/data/tataelxsimockapisolutions5451/7216/b03394a/Online-Examination-System-7216/OnlineExamSystem/LoginPage.aspx.designer.cs
2026-01-02 09:59:51,643 - Knowledge - INFO - [MONGODB_OP] Completed: persist, Collection: file_info, Duration: 94ms
2026-01-02 09:59:52,097 - Knowledge - INFO - [REDIS_OP] Completed: store_embedding, Key: OnlineExamSystem/LoginPage.aspx.designer.cs, Duration: 239ms
2026-01-02 09:59:52,268 - Knowledge - INFO - persist search terms embedding for OnlineExamSystem/LoginPage.aspx.designer.cs
2026-01-02 09:59:52,451 - Knowledge - INFO - process ingested knowledge for /app/data/tataelxsimockapisolutions5451/7216/b03394a/Online-Examination-System-7216/OnlineExamSystem/LoginPage.aspx.designer.cs
2026-01-02 09:59:52,613 - Knowledge - INFO - Found code-base-name: https://github.com/kavia-common/Online-Examination-System-7216.git:kavia-dev
2026-01-02 09:59:52,804 - Knowledge - INFO - Found code_base: <app.utils.kg_build.knowledge.KnowledgeCodeBase object at 0x7fd8d94d6790>
2026-01-02 09:59:53,040 - Knowledge - INFO - Found code-base-name: https://github.com/kavia-common/Online-Examination-System-7216.git:kavia-dev
2026-01-02 09:59:53,214 - Knowledge - INFO - Found code_base: <app.utils.kg_build.knowledge.KnowledgeCodeBase object at 0x7fd8d94d6790>
2026-01-02 09:59:53,374 - Knowledge - INFO - persist ingested knowledge for /app/data/tataelxsimockapisolutions5451/7216/b03394a/Online-Examination-System-7216/OnlineExamSystem/TheoryExam.aspx.designer.cs
2026-01-02 09:59:53,636 - Knowledge - INFO - [MONGODB_OP] Completed: persist, Collection: file_info, Duration: 99ms
2026-01-02 09:59:54,061 - Knowledge - INFO - [REDIS_OP] Completed: store_embedding, Key: OnlineExamSystem/TheoryExam.aspx.designer.cs, Duration: 259ms
2026-01-02 09:59:54,231 - Knowledge - INFO - persist search terms embedding for OnlineExamSystem/TheoryExam.aspx.designer.cs
2026-01-02 09:59:54,426 - Knowledge - INFO - process ingested knowledge for /app/data/tataelxsimockapisolutions5451/7216/b03394a/Online-Examination-System-7216/OnlineExamSystem/TheoryExam.aspx.designer.cs
2026-01-02 09:59:54,611 - Knowledge - INFO - Found code-base-name: https://github.com/kavia-common/Online-Examination-System-7216.git:kavia-dev
2026-01-02 09:59:54,786 - Knowledge - INFO - Found code_base: <app.utils.kg_build.knowledge.KnowledgeCodeBase object at 0x7fd8d94d6790>
2026-01-02 09:59:55,096 - Knowledge - INFO - Found code-base-name: https://github.com/kavia-common/Online-Examination-System-7216.git:kavia-dev
2026-01-02 09:59:55,271 - Knowledge - INFO - Found code_base: <app.utils.kg_build.knowledge.KnowledgeCodeBase object at 0x7fd8d94d6790>
2026-01-02 09:59:55,431 - Knowledge - INFO - persist ingested knowledge for /app/data/tataelxsimockapisolutions5451/7216/b03394a/Online-Examination-System-7216/OnlineExamSystem/Leaderboard.aspx.cs
2026-01-02 09:59:55,700 - Knowledge - INFO - [MONGODB_OP] Completed: persist, Collection: file_info, Duration: 94ms
2026-01-02 09:59:56,105 - Knowledge - INFO - [REDIS_OP] Completed: store_embedding, Key: OnlineExamSystem/Leaderboard.aspx.cs, Duration: 255ms
2026-01-02 09:59:56,261 - Knowledge - INFO - persist search terms embedding for OnlineExamSystem/Leaderboard.aspx.cs
2026-01-02 09:59:56,468 - Knowledge - INFO - process ingested knowledge for /app/data/tataelxsimockapisolutions5451/7216/b03394a/Online-Examination-System-7216/OnlineExamSystem/Leaderboard.aspx.cs
2026-01-02 09:59:56,674 - Knowledge - INFO - Found code-base-name: https://github.com/kavia-common/Online-Examination-System-7216.git:kavia-dev
2026-01-02 09:59:56,831 - Knowledge - INFO - Found code_base: <app.utils.kg_build.knowledge.KnowledgeCodeBase object at 0x7fd8d94d6790>
2026-01-02 09:59:57,079 - Knowledge - INFO - Found code-base-name: https://github.com/kavia-common/Online-Examination-System-7216.git:kavia-dev
2026-01-02 09:59:57,243 - Knowledge - INFO - Found code_base: <app.utils.kg_build.knowledge.KnowledgeCodeBase object at 0x7fd8d94d6790>
2026-01-02 09:59:57,437 - Knowledge - INFO - persist ingested knowledge for /app/data/tataelxsimockapisolutions5451/7216/b03394a/Online-Examination-System-7216/OnlineExamSystem/AdminQueue.aspx.designer.cs
2026-01-02 09:59:57,742 - Knowledge - INFO - [MONGODB_OP] Completed: persist, Collection: file_info, Duration: 101ms
2026-01-02 09:59:58,273 - Knowledge - INFO - [REDIS_OP] Completed: store_embedding, Key: OnlineExamSystem/AdminQueue.aspx.designer.cs, Duration: 331ms
2026-01-02 09:59:58,442 - Knowledge - INFO - persist search terms embedding for OnlineExamSystem/AdminQueue.aspx.designer.cs
2026-01-02 09:59:58,656 - Knowledge - INFO - process ingested knowledge for /app/data/tataelxsimockapisolutions5451/7216/b03394a/Online-Examination-System-7216/OnlineExamSystem/AdminQueue.aspx.designer.cs
2026-01-02 09:59:58,902 - Knowledge - INFO - Found code-base-name: https://github.com/kavia-common/Online-Examination-System-7216.git:kavia-dev
2026-01-02 09:59:59,060 - Knowledge - INFO - Found code_base: <app.utils.kg_build.knowledge.KnowledgeCodeBase object at 0x7fd8d94d6790>
2026-01-02 09:59:59,336 - Knowledge - INFO - Found code-base-name: https://github.com/kavia-common/Online-Examination-System-7216.git:kavia-dev
2026-01-02 09:59:59,504 - Knowledge - INFO - Found code_base: <app.utils.kg_build.knowledge.KnowledgeCodeBase object at 0x7fd8d94d6790>
2026-01-02 09:59:59,712 - Knowledge - INFO - persist ingested knowledge for /app/data/tataelxsimockapisolutions5451/7216/b03394a/Online-Examination-System-7216/OnlineExamSystem/AdminLeaderboard.aspx.designer.cs
2026-01-02 09:59:59,993 - Knowledge - INFO - [MONGODB_OP] Completed: persist, Collection: file_info, Duration: 93ms
2026-01-02 10:00:00,449 - Knowledge - INFO - [REDIS_OP] Completed: store_embedding, Key: OnlineExamSystem/AdminLeaderboard.aspx.designer.cs, Duration: 275ms
2026-01-02 10:00:00,687 - Knowledge - INFO - persist search terms embedding for OnlineExamSystem/AdminLeaderboard.aspx.designer.cs
2026-01-02 10:00:00,849 - Knowledge - INFO - process ingested knowledge for /app/data/tataelxsimockapisolutions5451/7216/b03394a/Online-Examination-System-7216/OnlineExamSystem/AdminLeaderboard.aspx.designer.cs
2026-01-02 10:00:01,034 - Knowledge - INFO - Found code-base-name: https://github.com/kavia-common/Online-Examination-System-7216.git:kavia-dev
2026-01-02 10:00:01,234 - Knowledge - INFO - Found code_base: <app.utils.kg_build.knowledge.KnowledgeCodeBase object at 0x7fd8d94d6790>
2026-01-02 10:00:01,456 - Knowledge - INFO - Found code-base-name: https://github.com/kavia-common/Online-Examination-System-7216.git:kavia-dev
2026-01-02 10:00:01,629 - Knowledge - INFO - Found code_base: <app.utils.kg_build.knowledge.KnowledgeCodeBase object at 0x7fd8d94d6790>
2026-01-02 10:00:01,791 - Knowledge - INFO - persist ingested knowledge for /app/data/tataelxsimockapisolutions5451/7216/b03394a/Online-Examination-System-7216/OnlineExamSystem/MCQSet.aspx.cs
2026-01-02 10:00:02,061 - Knowledge - INFO - [MONGODB_OP] Completed: persist, Collection: file_info, Duration: 111ms
2026-01-02 10:00:02,526 - Knowledge - INFO - [REDIS_OP] Completed: store_embedding, Key: OnlineExamSystem/MCQSet.aspx.cs, Duration: 264ms
2026-01-02 10:00:02,708 - Knowledge - INFO - persist search terms embedding for OnlineExamSystem/MCQSet.aspx.cs
2026-01-02 10:00:02,863 - Knowledge - INFO - process ingested knowledge for /app/data/tataelxsimockapisolutions5451/7216/b03394a/Online-Examination-System-7216/OnlineExamSystem/MCQSet.aspx.cs
2026-01-02 10:00:03,080 - Knowledge - INFO - Loaded 50 files from persisted knowledge
2026-01-02 10:00:03,284 - Knowledge - INFO - load persisted knowledge: end
2026-01-02 10:00:03,486 - Knowledge - INFO - Redis support added with prefix knowledge:b03394a:
2026-01-02 10:00:03,844 - Knowledge - INFO - Starting knowledge initialization for ID: bJNrqe-b03394a
2026-01-02 10:00:03,999 - Knowledge - INFO - 🔍 Checking Redis for build_id: b03394a
2026-01-02 10:00:04,171 - Knowledge - INFO - 🔍 Full session ID: bJNrqe-b03394a
2026-01-02 10:00:04,356 - Knowledge - INFO - 🔍 Redis prefix will be: knowledge:b03394a:
2026-01-02 10:00:04,568 - Knowledge - INFO - 🔍 Using attached load_from_redis() method
2026-01-02 10:00:04,737 - Knowledge - INFO - 🔍 Attempting to load knowledge from Redis...
2026-01-02 10:00:04,932 - Knowledge - INFO - 🔍 Using derived instance_id for Redis lookup: b03394a
2026-01-02 10:00:05,140 - Knowledge - INFO - ✅ Redis cache found! Loading knowledge...
2026-01-02 10:00:05,328 - Knowledge - INFO - ✅ Successfully loaded from Redis: 50 files
2026-01-02 10:00:05,547 - Knowledge - INFO - ✅ Redis load complete: 50 files in 0.98s
2026-01-02 10:00:05,708 - Knowledge - INFO - ⚡ Total Redis path: 0.98s (vs ~300s from disk)
2026-01-02 10:00:05,885 - Knowledge - INFO - Saving knowledge to Redis...
2026-01-02 10:00:06,122 - Knowledge - INFO - Knowledge saved to Redis successfully
